{
    "bin_time": [
        0.0,
        1.292446596230557,
        2.548389811985347,
        3.177852517882431,
        4.299202807306723,
        5.558128219100891,
        6.555759376585331,
        7.553390534069771,
        8.053390534069772,
        9.053390534069772,
        10.053390534069772,
        11.20114826824555,
        12.061971418754446,
        13.275557261548041,
        14.275557261548041,
        15.275557261548041,
        16.173908612537456,
        17.597699553158822,
        18.227162259055905,
        19.486087670850072,
        20.48371882833451,
        21.48134998581895,
        22.478981143303393,
        23.476612300787835,
        24.474243458272277,
        26.055382288356466,
        27.636521118440655,
        29.217659948524844,
        30.798798778609033,
        32.379937608693226,
        33.96107643877742,
        35.54221526886161,
        37.1233540989458,
        38.704492929029996,
        40.28563175911419,
        42.79156792725055,
        45.297504095386905,
        47.803440263523264,
        50.30937643165962,
        52.81531259979598,
        55.32124876793234,
        57.8271849360687,
        60.333121104205055,
        62.839057272341414,
        65.34499344047778,
        67.85092960861414,
        70.3568657767505,
        72.86280194488685,
        75.36873811302321,
        77.87467428115957,
        80.38061044929593,
        82.88654661743229,
        85.39248278556865,
        89.36412395919005,
        93.33576513281146,
        97.30740630643287,
        100.0
    ],
    "force": [
        -0.0,
        1890.5691858656683,
        2496.697435128821,
        2268.145700125283,
        2296.695734273746,
        2796.338041559463,
        2856.1418043342833,
        2343.1732119665353,
        3166.8271621778604,
        2900.290052398724,
        2725.2333230807076,
        2917.6230594126023,
        2647.0911811222836,
        2634.6575234906304,
        2460.250200742654,
        2093.1884069927105,
        1673.9092417155864,
        1847.0240924247548,
        1758.9100412308087,
        1893.0284302124974,
        1728.784442458942,
        1656.5914060897014,
        1709.639145536611,
        1598.756495152722,
        1936.6866710485062,
        1720.5594458337562,
        1613.1973992941316,
        1832.535668450008,
        1706.9722702764998,
        1616.430343711577,
        1762.8469152632993,
        1499.7880442767098,
        1734.768289356215,
        1463.4243454578946,
        2111.0331371378493,
        1951.1449099598287,
        1709.3835286459969,
        1597.4463152800859,
        1618.5733798493957,
        1887.5132624075356,
        1575.5947216135135,
        1920.731328183297,
        1874.0842952998742,
        2001.5127613095362,
        2151.1110779380897,
        2140.65959472996,
        2177.2741598340403,
        2212.2245592120603,
        2077.648056708152,
        2041.347482384374,
        2044.8175349189073,
        1769.5263549719589,
        3217.956371193066,
        2672.5791498806875,
        2064.2450416410884,
        4313.635996269809,
        2845.1989753624193
    ],
    "displacement": [
        -0.0,
        2.4397177280106783e-05,
        4.541139368586773e-05,
        5.666654666329512e-05,
        6.117410559715023e-05,
        7.43107538726366e-05,
        9.4664159312616e-05,
        0.00013090290092850206,
        0.00014656640504237626,
        0.00016881211847973046,
        0.00016980746415316752,
        0.00018381779280475464,
        0.00021731679785138682,
        0.00024569144038226286,
        0.0002691182346760414,
        0.0002341719989608746,
        0.0002195143403008469,
        0.00020519878179121336,
        0.0002164713263132463,
        0.00023751821676501917,
        0.00025479820192866263,
        0.00027232554250532156,
        0.0002912765478385007,
        0.00031072212205866774,
        0.0003302467451623181,
        0.0003626133528330772,
        0.0003993118962256004,
        0.0004319933288418268,
        0.0004633503558295974,
        0.000499823780806246,
        0.0005340779333533632,
        0.0005754067923217913,
        0.0006091906562998659,
        0.0006486106598281565,
        0.0006804258152118873,
        0.0007314081773052955,
        0.0007828119182715444,
        0.0008360338973151576,
        0.0008875603359115361,
        0.0009380013993960791,
        0.0009913652745341037,
        0.0010438931473179414,
        0.0010960148172742647,
        0.0011484477807492664,
        0.0012006333242469947,
        0.0012524544612199655,
        0.0013040253997401564,
        0.0013556452859415768,
        0.0014079241322168614,
        0.0014603030089263018,
        0.0015124745493782267,
        0.0015673649917217387,
        0.001615379014413561,
        0.001699574523886822,
        0.0017838500836200744,
        0.0018592368180425627,
        0.0019142059206511874
    ],
    "d3_time": [
        0.0,
        10.553390534069772,
        20.48371882833451,
        30.798798778609033,
        42.79156792725055,
        52.81531259979598,
        62.839057272341414,
        72.86280194488685,
        82.88654661743229,
        93.33576513281146,
        100.0
    ],
    "effective_plastic_strain": [
        [
            0.0,
            0.0,
            0.0,
            0.0,
            0.0,
            0.0
        ],
        [
            0.08254197897494556,
            0.028936192627562075,
            0.07438769950745519,
            0.05946729632018495,
            0.0,
            0.008325190732844922
        ],
        [
            0.17128390740693392,
            0.02893619262756207,
            0.07814009466831062,
            0.059467296320184944,
            0.0,
            0.008325190732844922
        ],
        [
            0.26105412034109804,
            0.028936192627562078,
            0.07814009466831062,
            0.059467296320184944,
            0.0,
            0.008325190732844922
        ],
        [
            0.37385627243745606,
            0.02893619262756207,
            0.07814009466831062,
            0.059467296320184965,
            0.0,
            0.008325190732844922
        ],
        [
            0.4639859190329871,
            0.02893619262756206,
            0.07814009466831062,
            0.05946729632018498,
            0.0,
            0.00832519073284492
        ],
        [
            0.5527748397370945,
            0.028936192627562068,
            0.07814009466831062,
            0.05946729632018497,
            0.0,
            0.00832519073284492
        ],
        [
            0.6433025682100589,
            0.028936192627562075,
            0.07814009466831062,
            0.05946729632018497,
            0.0,
            0.00832519073284492
        ],
        [
            0.7450954173312866,
            0.02893619262756207,
            0.07814009466831062,
            0.059467296320184965,
            0.00023509915967966135,
            0.008325190732844916
        ],
        [
            0.8381631591290412,
            0.028936192627562078,
            0.07814009466831062,
            0.059467296320184965,
            0.0027708534912342206,
            0.008325190732844913
        ],
        [
            0.8876332915536764,
            0.028936192627562075,
            0.07814009466831062,
            0.059467296320184965,
            0.008521784302908278,
            0.00832519073284491
        ]
    ],