{
    "bin_time": [
        0.0,
        1.292446596230557,
        2.548389811985347,
        3.4723147106964936,
        4.669273708571925,
        5.037094835801746,
        6.203009236981577,
        7.126934135692723,
        8.591256418005342,
        10.05557870031796,
        11.51990098263058,
        13.840695399436969,
        16.16148981624336,
        18.48228423304975,
        20.80307864985614,
        23.12387306666253,
        25.44466748346892,
        27.76546190027531,
        30.0862563170817,
        32.40705073388809,
        34.727845150694485,
        37.04863956750088,
        39.36943398430727,
        41.690228401113664,
        44.01102281792006,
        46.33181723472645,
        48.652611651532844,
        50.97340606833924,
        53.29420048514563,
        55.614994901952024,
        57.93578931875842,
        60.25658373556481,
        62.5773781523712,
        64.89817256917759,
        67.21896698598398,
        69.53976140279038,
        71.86055581959677,
        74.18135023640316,
        76.50214465320956,
        78.82293907001595,
        81.14373348682234,
        83.46452790362873,
        85.78532232043513,
        88.10611673724152,
        90.42691115404791,
        92.74770557085431,
        95.0684999876607,
        97.3892944044671,
        99.71008882127349
    ],
    "force": [
        -0.0,
        1275.7864947694547,
        2453.323612309922,
        2835.1983288579518,
        3228.06381182652,
        3054.021951353236,
        3013.968357632087,
        3210.5039190646894,
        3421.4629785939137,
        3493.536495010825,
        3636.6565294920815,
        3730.1715903706645,
        3829.232514269207,
        3868.2962585673695,
        4048.1110924459804,
        4076.4367606377373,
        4067.7550267831716,
        4195.207663582705,
        4168.843205104597,
        4198.665653326519,
        4170.152571978411,
        4154.240671979445,
        4208.436152832747,
        3878.504131140516,
        4202.5404559361705,
        4159.073825020425,
        3871.4786673876715,
        3723.9591553246046,
        3816.292710040701,
        3370.482179113017,
        3772.811065673523,
        3195.593025555847,
        3530.7360795425816,
        2929.9722170636487,
        3630.331761850311,
        3406.649416763176,
        3213.2799451611427,
        3761.497817489428,
        3725.624812852358,
        3201.251847986802,
        3908.9945076473705,
        3377.0959157414004,
        3610.1991607112027,
        2530.593866360329,
        2300.974498081241,
        2058.030949905055,
        1953.934784949841,
        1222.3148123116302,
        728.0231740320909
    ],
    "displacement": [
        -0.0,
        1.2924465962305568e-05,
        2.5483898119853474e-05,
        3.4723147106964935e-05,
        4.669273708571925e-05,
        5.0370948358017456e-05,
        6.203009236981578e-05,
        7.126934135692723e-05,
        8.591256418005341e-05,
        0.0001005557870031796,
        0.00011519900982630579,
        0.0001384069539943697,
        0.00016161489816243362,
        0.00018482284233049752,
        0.00020803078649856143,
        0.00023123873066662528,
        0.0002544466748346892,
        0.0002776546190027531,
        0.000300862563170817,
        0.00032407050733888095,
        0.00034727845150694486,
        0.0003704863956750088,
        0.0003936943398430727,
        0.0004169022840111367,
        0.0004401102281792006,
        0.00046331817234726455,
        0.00048652611651532846,
        0.0005097340606833923,
        0.0005329420048514563,
        0.0005561499490195202,
        0.0005793578931875842,
        0.000602565837355648,
        0.000625773781523712,
        0.000648981725691776,
        0.0006721896698598399,
        0.0006953976140279038,
        0.0007186055581959677,
        0.0007418135023640317,
        0.0007650214465320956,
        0.0007882293907001595,
        0.0008114373348682235,
        0.0008346452790362874,
        0.0008578532232043514,
        0.0008810611673724152,
        0.0009042691115404792,
        0.0009274770557085431,
        0.0009506849998766071,
        0.000973892944044671,
        0.000997100888212735
    ],
    "d3_time": [
        0.0,
        20.80307864985614,
        41.690228401113664,
        62.5773781523712,
        81.14373348682234,
        99.95418080601716
    ],
    "effective_plastic_strain": [
        [
            0.0,
            0.0,
            0.0,
            0.0,
            0.0,
            0.0
        ],
        [
            0.034595445312268665,
            0.0010081949006615994,
            0.039253323362434964,
            0.0063649316621213385,
            0.0006254833871598807,
            0.0
        ],
        [
            0.0788525522674183,
            0.003694737815966308,
            0.03925332336243496,
            0.006364931662121341,
            0.005514055406737669,
            0.0
        ],
        [
            0.0788525522674183,
            0.005292245594669192,
            0.039253323362434964,
            0.006364931662121342,
            0.007950909870305715,
            0.0
        ],
        [
            0.0788525522674183,
            0.005292245594669192,
            0.039253323362434964,
            0.006364931662121342,
            0.009609438191138448,
            0.0
        ],
        [
            0.0788525522674183,
            0.005292245594669192,
            0.039253323362434964,
            0.011096650980448897,
            0.009609438191138448,
            0.0
        ]
    ],
    "triaxiality": [
        [
            -Infinity,
            NaN,
            NaN,
            NaN,
            NaN,
            NaN
        ],
        [
            0.13918352221855385,
            -0.23290230745538168,
            NaN,
            NaN,
            -0.24648660492693972,
            -0.08817925398952096
        ],
        [
            NaN,
            -0.3619683835258349,
            NaN,
            NaN,
            -0.38534819391322517,
            -0.08872850271541127
        ],
        [
            NaN,
            -0.6064975958999554,
            NaN,
            NaN,
            -0.6395240461488725,
            -0.07562354625961928
        ],
        [
            NaN,
            -0.5631491213381268,
            NaN,
            NaN,
            -0.5661781779654729,
            -0.07486632462442702
        ],
        [
            NaN,
            -0.720166253555795,
            NaN,
            -0.8097172552001455,
            -0.8291253415934366,
            -0.02492399029799008
        ]
    ],
    "interest_element_ids": [
        81,
        67,
        47,
        53,
        45,
        61
    ]
}