{
    "bin_time": [
        0.0,
        1.292446596230557,
        2.548389811985347,
        3.132731225358865,
        4.329690223234297,
        5.49284275681111,
        6.655995290387923,
        7.8191478239647365,
        8.98230035754155,
        10.145452891118364,
        11.308605424695177,
        12.47175795827199,
        13.634910491848803,
        14.798063025425616,
        15.96121555900243,
        17.124368092579243,
        18.287520626156056,
        19.45067315973287,
        20.613825693309682,
        21.776978226886495,
        22.94013076046331,
        24.10328329404012,
        25.266435827616935,
        26.429588361193748,
        27.59274089477056,
        29.43621342703035,
        31.279685959290138,
        34.201393026157724,
        37.123100093025315,
        40.044807159892905,
        42.966514226760495,
        45.888221293628085,
        48.809928360495675,
        51.731635427363265,
        54.653342494230856,
        57.575049561098446,
        60.496756627966036,
        63.418463694833626,
        68.0490573354776,
        72.67965097612156,
        77.67965097612156,
        82.67965097612156,
        87.67965097612156,
        92.67965097612156,
        97.67965097612156,
        100.0
    ],
    "force": [
        -0.0,
        1922.644742728879,
        2381.3546471160207,
        2133.886827355733,
        2285.7948058048887,
        2200.056053399683,
        2117.714040835859,
        1859.956632759701,
        1623.7900718744331,
        1372.8104640349302,
        1091.2794323267194,
        924.9926114339402,
        788.0687558240587,
        684.9513414796924,
        500.2183181015878,
        883.5329117372329,
        551.5296853029222,
        815.678190358369,
        526.1601216126533,
        700.7349783894691,
        401.0164355359693,
        622.156010063156,
        392.44641868781457,
        745.6477992298079,
        982.5004110852885,
        789.3515889163323,
        1275.7707819025532,
        1059.3712217868886,
        773.5901771085822,
        1421.3330473640685,
        1009.0940728392007,
        1012.9700956810946,
        613.5504819549765,
        1323.016452456489,
        665.7250151517937,
        1218.961274143506,
        343.81756230283884,
        499.89739053284285,
        245.85854171718879,
        -156.31579475549762,
        -257.4193068876899,
        -17.247630007899698,
        -10.477276457055762,
        -3.4544085030744256,
        0.010738774024115827,
        -3.787396377544141
    ],
    "displacement": [
        -0.0,
        2.5848931924611137e-05,
        5.096779623970695e-05,
        6.265462450717731e-05,
        8.659380446468594e-05,
        0.00010985685513622221,
        0.00013311990580775845,
        0.00015638295647929474,
        0.000179646007150831,
        0.00020290905782236726,
        0.00022617210849390355,
        0.0002494351591654398,
        0.00027269820983697607,
        0.00029596126050851235,
        0.0003192243111800486,
        0.00034248736185158487,
        0.00036575041252312116,
        0.00038901346319465734,
        0.0004122765138661936,
        0.0004355395645377299,
        0.0004588026152092662,
        0.00048206566588080243,
        0.0005053287165523387,
        0.000528591767223875,
        0.0005518548178954113,
        0.000588724268540607,
        0.0006255937191858027,
        0.0006840278605231545,
        0.0007424620018605063,
        0.0008008961431978581,
        0.0008593302845352099,
        0.0009177644258725617,
        0.0009761985672099135,
        0.0010346327085472653,
        0.0010930668498846173,
        0.0011515009912219688,
        0.0012099351325593206,
        0.0012683692738966726,
        0.001360981146709552,
        0.0014535930195224314,
        0.0015535930195224312,
        0.0016535930195224313,
        0.0017535930195224313,
        0.0018535930195224314,
        0.0019535930195224314,
        0.002
    ],
    "d3_time": [
        0.0,
        10.145452891118364,
        20.613825693309682,
        31.279685959290138,
        42.966514226760495,
        51.731635427363265,
        63.418463694833626,
        72.67965097612156,
        82.67965097612156,
        92.67965097612156,
        100.0
    ],
    "effective_plastic_strain": [
        [
            0.0,
            0.0,
            0.0,
            0.0,
            0.0,
            0.0
        ],
        [
            0.028820019962886523,
            0.02552741666779552,
            0.014116048562115728,
            0.145468766979443,
            0.0,
            0.002678882585435603
        ],
        [
            0.0918247604248553,
            0.025527416667795517,
            0.014116048562115714,
            0.22621452689191635,
            0.0,
            0.002678882585435603
        ],
        [
            0.2176249231797779,
            0.025527416667795524,
            0.014116048562115704,
            0.22621452689191637,
            0.0,
            0.002678882585435603
        ],
        [
            0.3301143701638454,
            0.025527416667795528,
            0.0141160485621157,
            0.2262145268919165,
            0.0,
            0.002923157460633878
        ],
        [
            0.3301143701638454,
            0.025527416667795524,
            0.014116048562115697,
            0.2262145268919166,
            0.0,
            0.0036155586818492117
        ],
        [
            0.0,
            0.02552741666779552,
            0.014116048562115693,
            0.0,
            0.0,
            0.0036155586818492117
        ],
        [
            0.0,
            0.025527416667795524,
            0.0,
            0.0,
            0.0,
            0.0036155586818492117
        ],
        [
            0.0,
            0.025527416667795524,
            0.0,
            0.0,
            0.0,
            0.004033529322352508
        ],
        [
            0.0,
            0.025527416667795524,
            0.0,
            0.0,
            0.0,
            0.004898368305042168
        ],
        [
            0.0,
            0.025527416667795524,
            0.0,
            0.0,
            0.0,
            0.005445308144214073
        ]
    ],
    "triaxiality": [
        [
            -Infinity,
            NaN,
            NaN,
            NaN,
            NaN,
            NaN
        ],
        [
            NaN,
            NaN,
            NaN,
            0.1997602057555658,
            0.16107558701925034,
            1.3984088286029057
        ],
        [
            NaN,
            NaN,
            NaN,
            NaN,
            0.11069417497027302,
            0.9169718161886228
        ],
        [
            -1.632811455865224,
            NaN,
            NaN,
            NaN,
            0.16027178056966493,
            0.5575067050343416
        ],
        [
            -7.549219393916271e-17,
            NaN,
            NaN,
            NaN,
            0.4345910358519706,
            0.20239105865293133
        ],
        [
            NaN,
            NaN,
            NaN,
            NaN,
            -0.19199342941889244,
            1.1388150735660467
        ],
        [
            NaN,
            NaN,
            NaN,
            NaN,
            0.14402755195758712,
            0.46513376468649553
        ],
        [
            NaN,
            NaN,
            NaN,
            NaN,
            0.4126697648336511,
            0.12846863199487615
        ],
        [
            NaN,
            NaN,
            NaN,
            NaN,
            0.16896074887371204,
            -0.04069573933010237
        ],
        [
            NaN,
            NaN,
            NaN,
            NaN,
            0.2641318094690155,
            -0.1447455715129103
        ],
        [
            NaN,
            NaN,
            NaN,
            NaN,
            0.26975158549281464,
            -0.2009114327639866
        ]
    ],