{
    "bin_time": [
        0.0,
        1.292446596230557,
        2.548389811985347,
        3.656915956720058,
        4.537449572412894,
        5.393113724493785,
        6.749250014159799,
        8.105386303825814,
        9.461522593491829,
        10.817658883157844,
        12.966990056698982,
        15.116321230240121,
        17.26565240378126,
        19.4149835773224,
        21.564314750863538,
        23.713645924404677,
        25.862977097945816,
        28.012308271486955,
        30.161639445028094,
        32.31097061856923,
        34.46030179211037,
        36.609632965651514,
        38.758964139192656,
        40.9082953127338,
        43.05762648627494,
        45.206957659816084,
        47.356288833357226,
        49.50562000689837,
        51.65495118043951,
        53.80428235398065,
        55.953613527521796,
        58.10294470106294,
        60.25227587460408,
        62.40160704814522,
        64.55093822168637,
        66.70026939522751,
        68.84960056876865,
        70.9989317423098,
        73.14826291585094,
        75.29759408939208,
        77.44692526293322,
        79.59625643647436,
        81.7455876100155,
        83.89491878355665,
        86.04424995709779,
        88.19358113063893,
        90.34291230418008,
        92.49224347772122,
        94.64157465126236,
        96.7909058248035,
        98.94023699834464,
        100.0
    ],
    "force": [
        -0.0,
        1275.7864947693627,
        2453.3236123082443,
        2382.5131234825094,
        2586.7325903923315,
        2903.9729261878524,
        3151.9926842951527,
        3279.851632190083,
        3388.5413512656037,
        3492.293868662143,
        3626.921965502276,
        3744.7212382070147,
        3789.666882050752,
        3862.5931960971143,
        3876.488360111291,
        3892.0665047440784,
        3908.6314734498437,
        3943.248870956524,
        4005.7830262955613,
        4045.5950441073164,
        3847.263373880558,
        3988.1320481329813,
        3733.590267963084,
        3835.463515324054,
        3595.000564802057,
        3592.273852080287,
        3733.439812534077,
        3672.336697688806,
        3411.6210305981167,
        3788.3643264920115,
        3636.715663013967,
        3509.8043370518612,
        3249.165310955172,
        3826.863105775516,
        3722.681965414755,
        3533.1733588871334,
        3768.2761764028446,
        3681.362218988006,
        3966.1589118143847,
        3860.917229879809,
        3897.8032183650635,
        4024.8764496031454,
        4210.964922668992,
        4333.60972747286,
        4281.156142447494,
        3799.025153493165,
        4085.741969438092,
        3448.1403123135283,
        3715.3386589141724,
        3475.311288129268,
        3607.3701942649323,
        4096.404507282507
    ],
    "displacement": [
        -0.0,
        1.2924465962305568e-05,
        2.5483898119853474e-05,
        3.656915956720058e-05,
        4.537449572412894e-05,
        5.393113724493784e-05,
        6.749250014159799e-05,
        8.105386303825814e-05,
        9.461522593491828e-05,
        0.00010817658883157844,
        0.00012966990056698983,
        0.00015116321230240122,
        0.00017265652403781258,
        0.00019414983577322397,
        0.0002156431475086354,
        0.00023713645924404678,
        0.0002586297709794582,
        0.00028012308271486953,
        0.0003016163944502809,
        0.0003231097061856923,
        0.0003446030179211037,
        0.00036609632965651514,
        0.0003875896413919266,
        0.000409082953127338,
        0.0004305762648627494,
        0.00045206957659816086,
        0.00047356288833357225,
        0.0004950562000689837,
        0.0005165495118043951,
        0.0005380428235398065,
        0.0005595361352752179,
        0.0005810294470106294,
        0.0006025227587460408,
        0.0006240160704814523,
        0.0006455093822168636,
        0.0006670026939522751,
        0.0006884960056876866,
        0.000709989317423098,
        0.0007314826291585093,
        0.0007529759408939207,
        0.0007744692526293322,
        0.0007959625643647437,
        0.000817455876100155,
        0.0008389491878355665,
        0.0008604424995709779,
        0.0008819358113063893,
        0.0009034291230418008,
        0.0009249224347772122,
        0.0009464157465126237,
        0.000967909058248035,
        0.0009894023699834466,
        0.001
    ],
    "d3_time": [
        0.0,
        10.817658883157844,
        21.564314750863538,
        32.31097061856923,
        40.9082953127338,
        51.65495118043951,
        62.40160704814522,
        70.9989317423098,
        81.7455876100155,
        92.49224347772122,
        100.0
    ],
    "effective_plastic_strain": [
        [
            0.0,
            0.0,
            0.0,
            0.0,
            0.0,
            0.0
        ],
        [
            0.011558885244954948,
            6.2282163030759e-05,
            0.0565477824683978,
            0.017295982804604672,
            0.0,
            0.0
        ],
        [
            0.036477307027423654,
            0.0024177831342271664,
            0.06962590445572561,
            0.0382966957630841,
            0.0013575231102618747,
            0.0
        ],
        [
            0.06360094617337328,
            0.004185631522351032,
            0.06962590445572561,
            0.05675400298464845,
            0.003939639183792302,
            0.0
        ],
        [
            0.07603480638463682,
            0.005413400535085202,
            0.06962590445572561,
            0.06143881916976952,
            0.005951268928473404,
            0.0
        ],
        [
            0.07603480638463682,
            0.00548663285501381,
            0.06962590445572561,
            0.06143881916976951,
            0.005951268928473404,
            0.0
        ],
        [
            0.0760348063846368,
            0.006503996203654932,
            0.06962590445572561,
            0.0614388191697695,
            0.00718502432543055,
            0.0
        ],
        [
            0.0760348063846368,
            0.006838954711875976,
            0.06962590445572561,
            0.0614388191697695,
            0.00718502432543055,
            0.0
        ],
        [
            0.0760348063846368,
            0.008513613424577222,
            0.06962590445572561,
            0.061438819169769496,
            0.009190908264554381,
            0.0
        ],
        [
            0.0760348063846368,
            0.010445110900414367,
            0.06962590445572561,
            0.06143881916976948,
            0.013814752148655273,
            0.0
        ],
        [
            0.13261511749996377,
            0.01189643015069391,
            0.06962590445572561,
            0.061438819169769496,
            0.014498438018388887,
            0.0
        ]
    ],