{
    "bin_time": [
        0.0,
        1.292446596230557,
        2.548389811985347,
        3.4723147106964936,
        4.936636993009112,
        7.257431409815503,
        10.935642682113711,
        14.613853954411919,
        19.61385395441192,
        24.61385395441192,
        29.61385395441192,
        34.61385395441192,
        39.61385395441192,
        44.61385395441192,
        49.61385395441192,
        54.61385395441192,
        59.61385395441192,
        64.61385395441192,
        69.61385395441192,
        74.61385395441192,
        79.61385395441192,
        84.61385395441192,
        89.61385395441192,
        94.61385395441192,
        99.61385395441192,
        100.0
    ],
    "force": [
        -0.0,
        1015.8322193380776,
        1993.6764881274964,
        2409.338847272574,
        2608.3637882049015,
        2638.9448509579033,
        2822.4288818859536,
        3056.703896792328,
        3141.516391345904,
        3036.599619671407,
        2914.487950243836,
        3036.022468068199,
        2761.5381736876407,
        2545.481648997078,
        2447.44460621293,
        2368.983882727173,
        2220.3800235536796,
        2258.4101994580465,
        2120.9785178798893,
        2298.240443151611,
        1866.6476785475318,
        2023.9643632365069,
        2612.041152248942,
        2074.3652585818227,
        2608.0362332159807,
        1967.4982552619367
    ],
    "displacement": [
        -0.0,
        1.2924465962305568e-05,
        2.5483898119853474e-05,
        3.4723147106964935e-05,
        4.9366369930091125e-05,
        7.257431409815502e-05,
        0.00010935642682113711,
        0.00014613853954411918,
        0.0001961385395441192,
        0.0002461385395441192,
        0.00029613853954411917,
        0.00034613853954411925,
        0.0003961385395441192,
        0.00044613853954411924,
        0.0004961385395441193,
        0.0005461385395441192,
        0.0005961385395441192,
        0.0006461385395441193,
        0.0006961385395441192,
        0.0007461385395441193,
        0.0007961385395441192,
        0.0008461385395441192,
        0.0008961385395441193,
        0.0009461385395441192,
        0.0009961385395441192,
        0.001
    ],
    "d3_time": [
        0.0,
        10.935642682113711,
        24.61385395441192,
        34.61385395441192,
        44.61385395441192,
        54.61385395441192,
        64.61385395441192,
        74.61385395441192,
        84.61385395441192,
        94.61385395441192,
        100.0
    ],
    "effective_plastic_strain": [
        [
            0.0,
            0.0,
            0.0,
            0.0,
            0.0,
            0.0
        ],
        [
            0.032340553599905064,
            0.018212945979886527,
            0.029762916244357465,
            0.029205575252720627,
            0.0,
            0.007518335717972314
        ],
        [
            0.09280349064213585,
            0.04077064535638142,
            0.08530788754047475,
            0.08947051805276383,
            0.0,
            0.007518335717972315
        ],
        [
            0.13720832041250025,
            0.04077064535638142,
            0.1260786545407451,
            0.08947051805276383,
            0.0,
            0.007518335717972315
        ],
        [
            0.18134863919786215,
            0.04077064535638142,
            0.17033044306705547,
            0.08947051805276385,
            0.0,
            0.007518335717972315
        ],
        [
            0.22199881507579897,
            0.04077064535638142,
            0.17033044306705547,
            0.08947051805276385,
            0.0,
            0.007518335717972317
        ],
        [
            0.26168185821500645,
            0.04077064535638142,
            0.17033044306705547,
            0.08947051805276385,
            0.0,
            0.007518335717972318
        ],
        [
            0.3045378601527798,
            0.04077064535638142,
            0.17033044306705547,
            0.08947051805276385,
            0.0,
            0.007518335717972321
        ],
        [
            0.3471036999609848,
            0.04077064535638142,
            0.17033044306705547,
            0.08947051805276385,
            0.0,
            0.007518335717972323
        ],
        [
            0.3861815145221334,
            0.04077064535638142,
            0.17033044306705547,
            0.08947051805276385,
            6.59230189553541e-05,
            0.007518335717972325
        ],
        [
            0.40513624959159555,
            0.04077064535638142,
            0.17033044306705547,
            0.08947051805276385,
            6.59230189553541e-05,
            0.007518335717972326
        ]
    ],
    "triaxiality": [
        [
            -Infinity,
            NaN,
            NaN,
            NaN,
            NaN,
            NaN
        ],
        [
            0.038977789301877896,
            0.30157707458025534,
            -0.21735771349754823,
            -0.045000572207713356,
            0.03284866237267,
            0.6443997750213697
        ],
        [
            0.12335195941848791,
            NaN,
            0.004831878920589036,
            0.7665738769224881,
            0.22209748322200323,
            NaN
        ],
        [
            -0.3053470965564966,
            NaN,
            0.27313833807187327,
            NaN,
            0.18177320794183474,
            NaN
        ],
        [
            -0.8048630403696403,
            NaN,
            0.7287976824840321,
            NaN,
            0.3527773296256417,
            NaN
        ],
        [
            -0.7887534199637287,
            NaN,
            NaN,
            NaN,
            0.349070807056496,
            NaN
        ],
        [
            -0.5250309637576424,
            NaN,
            NaN,
            NaN,
            0.38947788148333745,
            NaN
        ],
        [
            -0.7184881336369382,
            NaN,
            NaN,
            NaN,
            0.3471542616415101,
            NaN
        ],
        [
            -1.031725335422386,
            NaN,
            NaN,
            NaN,
            0.4762970265981487,
            NaN
        ],
        [
            -0.9399827797746372,
            NaN,
            NaN,
            NaN,
            0.45677105756811703,
            NaN
        ],
        [
            -0.6318644283246396,
            NaN,
            NaN,
            NaN,
            0.41216558437679485,
            NaN
        ]
    ],
    "interest_element_ids": [
        81,
        67,
        47,
        53,
        45,
        61
    ]
}