{
    "bin_time": [
        0.0,
        2.5,
        6.462232981152784,
        9.377018984102364,
        10.055087128935371,
        11.12975271570594,
        11.668361388213912,
        12.521998606672312,
        12.949830682712758,
        13.627898827545765,
        14.702564414316335,
        15.777230001086904,
        16.851895587857474,
        17.92656117462804,
        19.001226761398613,
        20.704456934043517,
        22.40768710668842,
        24.110917279333325,
        25.81414745197823,
        27.517377624623133,
        29.220607797268038,
        30.92383796991294,
        32.627068142557846,
        34.33029831520275,
        36.03352848784765,
        37.73675866049255,
        39.43998883313745,
        41.14321900578235,
        42.84644917842725,
        44.54967935107215,
        46.25290952371705,
        47.95613969636195,
        49.65936986900685,
        51.36260004165175,
        53.06583021429665,
        54.769060386941554,
        56.472290559586455,
        58.175520732231355,
        59.878750904876256,
        61.58198107752116,
        63.28521125016606,
        64.98844142281096,
        66.69167159545587,
        68.39490176810078,
        70.09813194074569,
        71.8013621133906,
        73.5045922860355,
        75.20782245868041,
        76.91105263132532,
        78.61428280397023,
        80.31751297661513,
        82.02074314926004,
        83.72397332190495,
        85.42720349454986,
        87.13043366719477,
        88.83366383983967,
        90.53689401248458,
        92.24012418512949,
        93.9433543577744,
        95.6465845304193,
        97.34981470306421,
        99.05304487570912,
        100.0
    ],
    "force": [
        -0.0,
        1796.8738850064972,
        4536.483755233038,
        5373.509850702503,
        5471.138618892459,
        5538.063364230637,
        5519.555630111632,
        5586.915640877872,
        5768.521401645489,
        6103.887607232773,
        6389.227746383039,
        6686.340000919815,
        5862.9802703544565,
        6388.8516737032805,
        6487.6738579478115,
        6727.868514905234,
        6906.297148086509,
        7102.43860884816,
        7250.970011577614,
        7346.480826191207,
        7390.138758900834,
        7370.886643513161,
        7516.597708226022,
        7597.311741833671,
        7619.5443593856,
        7623.554529820305,
        7640.274581047122,
        7620.17709196651,
        7680.675040790231,
        7701.850369157451,
        7679.863746732601,
        7752.943071218544,
        7774.21482986793,
        7819.504019887181,
        7879.4598520572,
        7857.2300490406,
        7793.752264418992,
        7695.995346854501,
        7632.843008202954,
        7473.996823351169,
        7317.551579553801,
        7118.809029252187,
        6921.793392293266,
        6780.858643680479,
        6661.189235157658,
        6581.766274980735,
        6516.853154963512,
        6587.5332989323015,
        6569.742826576084,
        6485.309282263307,
        6436.162351382097,
        6371.1470096044695,
        6364.725575060154,
        6173.303009943368,
        6031.657280102499,
        5927.202572879551,
        5928.207841637881,
        5925.867907698784,
        5955.442852907345,
        5962.742305869104,
        5943.673122894303,
        6001.324459267827,
        6421.323810777062
    ],
    "displacement": [
        -0.0,
        1.25e-05,
        3.2311164905763926e-05,
        4.688509492051182e-05,
        5.027543564467686e-05,
        5.564876357852971e-05,
        6.260999303336156e-05,
        6.813949413772883e-05,
        7.351282207158168e-05,
        7.888615000543452e-05,
        8.425947793928737e-05,
        8.963280587314022e-05,
        9.500613380699306e-05,
        0.00010352228467021759,
        0.00011203843553344212,
        0.00012055458639666664,
        0.00012907073725989117,
        0.00013758688812311567,
        0.0001461030389863402,
        0.00015461918984956472,
        0.00016313534071278924,
        0.00017165149157601374,
        0.00018016764243923824,
        0.00018868379330246277,
        0.00019719994416568726,
        0.00020571609502891176,
        0.00021423224589213626,
        0.00022274839675536076,
        0.00023126454761858528,
        0.00023978069848180978,
        0.00024829684934503425,
        0.0002568130002082588,
        0.0002653291510714833,
        0.0002738453019347078,
        0.0002823614527979323,
        0.0002908776036611568,
        0.0002993937545243813,
        0.0003079099053876058,
        0.0003164260562508303,
        0.00032494220711405485,
        0.0003334583579772794,
        0.00034197450884050396,
        0.00035049065970372845,
        0.000359006810566953,
        0.00036752296143017756,
        0.0003760391122934021,
        0.0003845552631566266,
        0.00039307141401985116,
        0.0004015875648830757,
        0.00041010371574630027,
        0.00041861986660952477,
        0.0004271360174727493,
        0.00043565216833597387,
        0.0004441683191991984,
        0.0004526844700624229,
        0.0004612006209256475,
        0.00046971677178887203,
        0.0004782329226520966,
        0.0004867490735153211,
        0.0004952652243785456,
        0.0005
    ],
    "d3_time": [
        0.0,
        11.12975271570594,
        20.704456934043517,
        30.92383796991294,
        41.14321900578235,
        51.36260004165175,
        61.58198107752116,
        71.8013621133906,
        82.02074314926004,
        92.24012418512949,
        100.0
    ],
    "effective_plastic_strain": [
        [
            0.0,
            0.0,
            0.0,
            0.0,
            0.0,
            0.0
        ],
        [
            0.016698076626242352,
            0.01608930718776313,
            0.017033947018645936,
            0.014088831433872429,
            0.012293382034706988,
            0.01630293821901818
        ],
        [
            0.04300532196763789,
            0.04724857004411612,
            0.04788683638226915,
            0.04493791110729331,
            0.03998231607863239,
            0.048420838024857235
        ],
        [
            0.07200757776678515,
            0.07572598363896794,
            0.0764778537630889,
            0.07858380775751367,
            0.06767122311016589,
            0.07813209824715173
        ],
        [
            0.10320566683322438,
            0.10739481261924348,
            0.10874359585799133,
            0.1124749135633089,
            0.09756752887867413,
            0.1093421129177004
        ],
        [
            0.13440080607050606,
            0.13924389748572968,
            0.14069100511018548,
            0.12257989698198267,
            0.1281479752836185,
            0.14143945300849778
        ],
        [
            0.16622930761774074,
            0.1778505550118235,
            0.17974714128009775,
            0.1225798969819827,
            0.16248187331044678,
            0.17755814971955577
        ],
        [
            0.18303269041857526,
            0.1778505550118235,
            0.17974714128009775,
            0.12257989698198271,
            0.1904862107128741,
            0.21361578348117471
        ],
        [
            0.18303269041857526,
            0.1778505550118235,
            0.17974714128009775,
            0.12257989698198272,
            0.1904862107128741,
            0.21361578348117471
        ],
        [
            0.18303269041857526,
            0.1778505550118235,
            0.17974714128009775,
            0.12257989698198274,
            0.1904862107128741,
            0.21361578348117471
        ],
        [
            0.18303269041857526,
            0.1778505550118235,
            0.17974714128009775,
            0.12257989698198272,
            0.1904862107128741,
            0.21361578348117471
        ]
    ],