{
    "bin_time": [
        0.0,
        1.292446596230557,
        2.548389811985347,
        4.538925664752834,
        6.52946151752032,
        9.684248239921288,
        14.684248239921288,
        19.68424823992129,
        24.68424823992129,
        29.68424823992129,
        34.68424823992129,
        39.68424823992129,
        44.68424823992129,
        49.68424823992129,
        54.68424823992129,
        59.68424823992129,
        64.68424823992129,
        69.68424823992129,
        74.68424823992129,
        79.68424823992129,
        84.68424823992129,
        89.68424823992129,
        94.68424823992129,
        99.68424823992129
    ],
    "force": [
        -0.0,
        1120.684097508884,
        2181.904244650502,
        2685.218503027885,
        2789.6462291836615,
        3049.8752919911803,
        3419.5641413808708,
        3582.39322365916,
        3370.6822107576977,
        3591.0372513323314,
        3161.1523282576222,
        2840.945532879979,
        2537.015106740181,
        2344.7678060093185,
        2643.3383775586994,
        2276.2644272893385,
        2580.5223669484976,
        2259.9362994232724,
        2583.4743461889843,
        2635.032208253794,
        2110.4895581898472,
        2773.2475472883652,
        2119.812327521422,
        2916.344443024819
    ],
    "displacement": [
        -0.0,
        1.2924465962305568e-05,
        2.5483898119853474e-05,
        4.538925664752834e-05,
        6.52946151752032e-05,
        9.684248239921288e-05,
        0.0001468424823992129,
        0.00019684248239921288,
        0.0002468424823992129,
        0.00029684248239921293,
        0.0003468424823992129,
        0.00039684248239921287,
        0.0004468424823992129,
        0.0004968424823992129,
        0.0005468424823992129,
        0.0005968424823992129,
        0.0006468424823992129,
        0.0006968424823992128,
        0.000746842482399213,
        0.0007968424823992129,
        0.0008468424823992129,
        0.0008968424823992129,
        0.0009468424823992128,
        0.000996842482399213
    ],
    "d3_time": [
        0.0,
        24.68424823992129,
        44.68424823992129,
        64.68424823992129,
        84.68424823992129,
        99.99988179195186
    ],
    "effective_plastic_strain": [
        [
            0.0,
            0.0,
            0.0,
            0.0,
            0.0,
            0.0
        ],
        [
            0.03438608957726412,
            0.0047516400962896955,
            0.06740465381495904,
            0.024235411256258256,
            0.000988751442921295,
            0.0
        ],
        [
            0.03438608957726412,
            0.00800354305348869,
            0.06740465381495903,
            0.04842061032847393,
            0.003706392743442583,
            0.0
        ],
        [
            0.03438608957726412,
            0.008224962847778378,
            0.06740465381495903,
            0.06072937868554889,
            0.003706392743442583,
            0.0
        ],
        [
            0.03438608957726412,
            0.008636275367944611,
            0.06740465381495903,
            0.060729378685548875,
            0.003706392743442583,
            0.0
        ],
        [
            0.03438608957726412,
            0.012692168823687101,
            0.06740465381495903,
            0.06072937868554888,
            0.008730606408008297,
            0.0
        ]
    ],
    "triaxiality": [
        [
            NaN,
            NaN,
            NaN,
            NaN,
            NaN,
            NaN
        ],
        [
            NaN,
            -0.1799340816220835,
            NaN,
            0.06794812056378313,
            -0.3732214873114755,
            -0.07922081990588385
        ],
        [
            NaN,
            0.2666257593177416,
            NaN,
            0.5643015662330255,
            -0.52340369711522,
            -0.07394442261788578
        ],
        [
            NaN,
            -0.020995314449781616,
            NaN,
            NaN,
            -0.6174756703997447,
            -0.09086076767404667
        ],
        [
            NaN,
            0.11768961041083041,
            NaN,
            NaN,
            -0.5578156783910095,
            -0.04576531748305477
        ],
        [
            NaN,
            0.3042184166879262,
            NaN,
            NaN,
            -0.9179549961826238,
            -0.07846834369351267
        ]
    ],
    "interest_element_ids": [
        81,
        67,
        47,
        53,
        45,
        61
    ]
}