{
    "bin_time": [
        0.0,
        2.5,
        6.462232981152784,
        8.448053567963488,
        10.433874154774191,
        14.405515328395598,
        16.3913359152063,
        18.377156502017005,
        20.36297708882771,
        24.334618262449116,
        26.32043884925982,
        28.306259436070523,
        30.292080022881226,
        34.26372119650264,
        36.24954178331334,
        38.235362370124044,
        40.22118295693475,
        44.192824130556154,
        46.17864471736686,
        48.16446530417756,
        50.150285890988265,
        54.12192706460967,
        56.107747651420375,
        58.09356823823108,
        60.07938882504178,
        64.0510299986632,
        66.0368505854739,
        68.0226711722846,
        70.0084917590953,
        73.98013293271671,
        75.96595351952742,
        77.95177410633812,
        81.92341527995953,
        83.90923586677023,
        85.89505645358093,
        87.88087704039164,
        91.85251821401305,
        93.83833880082375,
        95.82415938763445,
        97.80997997444516,
        100.0
    ],
    "force": [
        -0.0,
        1175.616813674124,
        1543.2527489478846,
        463.752679255687,
        130.10572856846753,
        5.46486083302938,
        -1.7422092765866197,
        -1.6943500528104476,
        31.55217154251896,
        19.76372874840687,
        25.956189970183306,
        25.592192068360234,
        23.614177078885017,
        32.93399090099665,
        22.214466653289126,
        22.936549098690485,
        24.836800612226007,
        25.65332434196961,
        24.305276270371966,
        24.102271989164013,
        24.31561722401734,
        21.962867954472678,
        19.881505171224596,
        23.592717756086927,
        23.254196120029935,
        20.52833344869918,
        20.305548097311398,
        19.029402332342148,
        20.54842906947014,
        19.99745432423697,
        25.959450015215126,
        21.96621214364759,
        20.09401995707412,
        22.143713454332136,
        19.335293415439647,
        20.592239602313697,
        17.752689960660874,
        18.84196161282802,
        19.70041514861521,
        18.674690634090506,
        19.905963645565137
    ],
    "displacement": [
        -0.0,
        -0.0,
        -0.0,
        -0.0,
        -0.0,
        -0.0,
        -0.0,
        -0.0,
        -0.0,
        -0.0,
        -0.0,
        -0.0,
        -0.0,
        -0.0,
        -0.0,
        -0.0,
        -0.0,
        -0.0,
        -0.0,
        -0.0,
        -0.0,
        -0.0,
        -0.0,
        -0.0,
        -0.0,
        -0.0,
        -0.0,
        -0.0,
        -0.0,
        -0.0,
        -0.0,
        -0.0,
        -0.0,
        -0.0,
        -0.0,
        -0.0,
        -0.0,
        -0.0,
        -0.0,
        -0.0,
        -0.0
    ],
    "d3_time": [
        0.0,
        10.433874154774191,
        20.36297708882771,
        32.27790060969193,
        42.20700354374545,
        52.13610647779897,
        62.065209411852486,
        71.99431234590601,
        81.92341527995953,
        91.85251821401305,
        100.0
    ],
    "effective_plastic_strain": [
        [
            0.0,
            0.0,
            0.0,
            0.0,
            0.0,
            0.0
        ],
        [
            0.009203104718334031,
            0.013240856382730457,
            0.006932965143024187,
            0.006687079218527632,
            0.002326401400914583,
            0.00874118786816878
        ],
        [
            0.009203104718334024,
            0.013240856382730449,
            0.006932965143024192,
            0.00668707921852763,
            0.002326401400914583,
            0.00874118786816878
        ],
        [
            0.009203104718334024,
            0.01324085638273044,
            0.006932965143024193,
            0.006687079218527634,
            0.002326401400914583,
            0.010080735573067944
        ],
        [
            0.009203104718334024,
            0.01324085638273044,
            0.006932965143024197,
            0.006687079218527637,
            0.002326401400914583,
            0.013846512422335457
        ],
        [
            0.009203104718334024,
            0.01324085638273044,
            0.006932965143024201,
            0.006687079218527642,
            0.002326401400914583,
            0.021714184133893297
        ],
        [
            0.009203104718334024,
            0.01324085638273044,
            0.006932965143024208,
            0.006687079218527648,
            0.002326401400914583,
            0.03216917003864952
        ],
        [
            0.009203104718334024,
            0.01324085638273044,
            0.0069329651430242115,
            0.006687079218527651,
            0.002326401400914583,
            0.04294513061291105
        ],
        [
            0.009203104718334024,
            0.01324085638273044,
            0.00693296514302422,
            0.0066870792185276555,
            0.002326401400914583,
            0.053236059684503734
        ],
        [
            0.009203104718334024,
            0.01324085638273044,
            0.006932965143024224,
            0.0066870792185276615,
            0.002326401400914583,
            0.06447601020637439
        ],
        [
            0.009203104718334024,
            0.01324085638273044,
            0.006932965143024228,
            0.006687079218527666,
            0.002326401400914583,
            0.07259430761063922
        ]
    ],
    "triaxiality": [
        [
            NaN,
            NaN,
            NaN,
            -Infinity,
            NaN,
            NaN
        ],
        [
            NaN,
            NaN,
            NaN,
            NaN,
            -0.01228166825298479,
            0.6235141906756495
        ],
        [
            NaN,
            NaN,
            NaN,
            NaN,
            -0.05408425488293335,
            0.47639883774598557
        ],
        [
            NaN,
            NaN,
            NaN,
            NaN,
            -0.05598300453567928,
            0.10413770409404993
        ],
        [
            NaN,
            NaN,
            NaN,
            NaN,
            -0.04356650488443718,
            0.08101737638870238
        ],
        [
            NaN,
            NaN,
            NaN,
            NaN,
            -0.04475943475074725,
            0.07983070406343666
        ],
        [
            NaN,
            NaN,
            NaN,
            NaN,
            -0.036180676638393035,
            0.13074259611556796
        ],
        [
            NaN,
            NaN,
            NaN,
            NaN,
            -0.04595601593961808,
            0.03278385091273288
        ],
        [
            NaN,
            NaN,
            NaN,
            NaN,
            -0.06006017900276174,
            0.0035111810902224557
        ],
        [
            NaN,
            NaN,
            NaN,
            NaN,
            -0.07407199569562226,
            -0.003612749577128009
        ],
        [
            NaN,
            NaN,
            NaN,
            NaN,
            -0.01576674100969786,
            0.03276118974658564
        ]
    ],
    "interest_element_ids": [
        81,
        67,
        47,
        53,
        45,
        61
    ]
}