,bin_time,force,displacement,d3_time,eps_element_81,eps_element_67,eps_element_47,eps_element_53,eps_element_45,eps_element_61,triaxiality_81,triaxiality_67,triaxiality_47,triaxiality_53,triaxiality_45,triaxiality_61
0,0.0,-0.0,-0.0,0.0,0.0,0.0,0.0,0.0,0.0,0.0,,,,-inf,,
1,2.5,1180.2355477029475,1.25e-05,4.004696781643689,0.011664625503045872,0.019048620757338555,0.020887036747597298,0.011911936114696983,0.0007426561377304688,0.003950772900075729,-0.26571995312580965,-0.4435842402194555,-0.22587506826112916,-0.32523793145038915,-0.34898156473040043,-0.377411607601393
