{
    "bin_time": [
        0.0,
        2.5
    ],
    "force": [
        -0.0,
        1180.2355477029475
    ],
    "displacement": [
        -0.0,
        1.25e-05
    ],
    "d3_time": [
        0.0,
        4.004696781643689
    ],
    "effective_plastic_strain": [
        [
            0.0,
            0.0,
            0.0,
            0.0,
            0.0,
            0.0
        ],
        [
            0.011664625503045872,
            0.019048620757338555,
            0.020887036747597298,
            0.011911936114696983,
            0.0007426561377304688,
            0.003950772900075729
        ]
    ],
    "triaxiality": [
        [
            NaN,
            NaN,
            NaN,
            -Infinity,
            NaN,
            NaN
        ],
        [
            -0.26571995312580965,
            -0.4435842402194555,
            -0.22587506826112916,
            -0.32523793145038915,
            -0.34898156473040043,
            -0.377411607601393
        ]
    ],
    "interest_element_ids": [
        81,
        67,
        47,
        53,
        45,
        61
    ]
}