{
    "bin_time": [
        0.0,
        1.292446596230557,
        2.548389811985347,
        3.8043330277401375,
        5.060276243494927,
        6.316219459249718,
        7.572162675004508,
        8.828105890759298,
        10.084049106514088,
        11.339992322268879,
        12.595935538023669,
        13.85187875377846,
        15.10782196953325,
        16.363765185288038,
        17.61970840104283,
        18.87565161679762,
        20.13159483255241,
        21.3875380483072,
        22.64348126406199,
        23.89942447981678,
        25.15536769557157,
        26.41131091132636,
        27.66725412708115,
        28.92319734283594,
        30.17914055859073,
        31.43508377434552,
        32.69102699010031,
        33.9469702058551,
        35.20291342160989,
        36.45885663736468,
        37.71479985311947,
        38.97074306887426,
        40.226686284629054,
        41.482629500383844,
        43.47316535315133,
        45.46370120591882,
        47.4542370586863,
        49.44477291145379,
        51.435308764221276,
        53.42584461698876,
        55.41638046975625,
        57.406916322523735,
        59.39745217529122,
        61.38798802805871,
        63.378523880826194,
        65.36905973359369,
        67.35959558636118,
        70.51438230876215,
        73.66916903116312,
        76.82395575356409,
        79.97874247596506,
        83.13352919836603,
        86.288315920767,
        89.44310264316798,
        92.59788936556895,
        95.75267608796992,
        98.90746281037089,
        100.0
    ],
    "force": [
        -0.0,
        1999.4527134208308,
        2376.0324081632857,
        2588.5086135098536,
        2784.6969309546703,
        2935.1715210342986,
        3015.176768258575,
        3061.5120582976174,
        3017.649047761378,
        2975.762448672366,
        2921.79172224025,
        2906.8882552995397,
        2881.73280670461,
        2807.5556441292047,
        2740.3426995097766,
        2676.550730326219,
        2572.887439714662,
        2436.0292355317206,
        2400.2416978380243,
        2304.4648773479926,
        2289.7808086896166,
        2255.2493183664265,
        2211.449526302782,
        2145.0941212822954,
        2167.013747900236,
        2153.0325330806686,
        2124.449879494762,
        2097.9814490248914,
        2091.98624686247,
        2112.877638991908,
        2142.7323086735655,
        2112.415705355157,
        2122.3422656409134,
        2177.9281180020125,
        2384.667052182119,
        2285.4866989255474,
        2296.963539758358,
        2251.9440879759572,
        2244.833644905801,
        2206.852823327543,
        2223.7561844361267,
        2222.0047663494915,
        2238.1235643407626,
        2241.0382399125638,
        2231.842828551628,
        2296.243709306909,
        2392.039525669862,
        3016.829557548369,
        2939.566640410048,
        3028.661463692802,
        2663.1507723154095,
        3352.900308139152,
        3131.922147432928,
        3182.8609606312484,
        3228.4713408765824,
        3336.9280014135834,
        3367.441710045323,
        4440.269937440794
    ],
    "displacement": [
        -0.0,
        2.4891025761119894e-05,
        4.88941515096933e-05,
        7.303077579605648e-05,
        9.75885383550846e-05,
        0.00012228356241310136,
        0.000147116855922695,
        0.00017204613723575778,
        0.0001970716406544012,
        0.00022213647192869534,
        0.00024725005303821414,
        0.00027236481824941027,
        0.0002975062381250206,
        0.0003226808019912443,
        0.0003478952813254168,
        0.00037312453255403897,
        0.00039837835386529315,
        0.00042364366726405794,
        0.00044900771611956476,
        0.0004741862800300235,
        0.0004993721980870516,
        0.0005245439563826241,
        0.0005497133074774004,
        0.0005748695830163093,
        0.0006001430620281753,
        0.0006252007806250223,
        0.0006503384662386676,
        0.0006754630934326691,
        0.0007005821579091727,
        0.0007256831526136327,
        0.0007507676576336204,
        0.0007758932939984038,
        0.0008009949686946184,
        0.0008260688274946613,
        0.0008655212738047518,
        0.0009052652983570544,
        0.0009450173215032114,
        0.00098480595678914,
        0.0010246010344595433,
        0.0010644179730349551,
        0.0011042180631194486,
        0.001144013032442353,
        0.0011837956347120055,
        0.0012235564928719156,
        0.0012633249082144437,
        0.0013030419297457817,
        0.0013428127550090077,
        0.0014054401225901067,
        0.0014683591442726952,
        0.0015312570823742256,
        0.0015937160553724334,
        0.001657023676433094,
        0.0017200129833808402,
        0.0017830183753724394,
        0.0018460290771706547,
        0.001908990223335383,
        0.0019719588222628813,
        0.0019927869062818762
    ],
    "d3_time": [
        0.0,
        11.339992322268879,
        21.3875380483072,
        31.43508377434552,
        41.482629500383844,
        51.435308764221276,
        61.38798802805871,
        73.66916903116312,
        83.13352919836603,
        92.59788936556895,
        100.0
    ],
    "effective_plastic_strain": [
        [
            0.0,
            0.0,
            0.0,
            0.0,
            0.0,
            0.0
        ],
        [
            0.0706205774407206,
            0.03420754747107531,
            0.06725090564380302,
            0.0691203644967962,
            0.0,
            0.0047806172226708705
        ],
        [
            0.15394298803932702,
            0.03420754747107531,
            0.12553134879020864,
            0.08104952271061498,
            0.0,
            0.0047806172226708705
        ],
        [
            0.22627783015399652,
            0.03420754747107531,
            0.12553134879020864,
            0.081049522710615,
            0.0,
            0.004780617222670872
        ],
        [
            0.31126735304666553,
            0.03420754747107531,
            0.12553134879020866,
            0.081049522710615,
            0.0,
            0.004780617222670872
        ],
        [
            0.3950609271896014,
            0.03420754747107531,
            0.12553134879020866,
            0.081049522710615,
            0.0,
            0.004780617222670873
        ],
        [
            0.4832380904773303,
            0.03420754747107531,
            0.12553134879020866,
            0.081049522710615,
            7.651439439482427e-06,
            0.004780617222670879
        ],
        [
            0.58544579335838,
            0.03420754747107531,
            0.12553134879020866,
            0.081049522710615,
            7.651439439482434e-06,
            0.004780617222670877
        ],
        [
            0.6708204152178018,
            0.03420754747107531,
            0.12553134879020866,
            0.081049522710615,
            7.651439439482427e-06,
            0.004780617222670874
        ],
        [
            0.7502977755104745,
            0.03420754747107531,
            0.12553134879020866,
            0.081049522710615,
            7.651439439482427e-06,
            0.004780617222670872
        ],
        [
            0.8035131870817198,
            0.03420754747107531,
            0.12553134879020866,
            0.081049522710615,
            7.651439439482427e-06,
            0.004780617222670872
        ]
    ],