{
    "bin_time": [
        0.0,
        1.292446596230557,
        2.458360997410389,
        3.3822858961215343,
        4.846608178434153,
        6.310930460746771,
        7.77525274305939,
        9.239575025372009,
        10.703897307684628,
        12.168219589997246,
        13.632541872309865,
        15.096864154622484,
        16.561186436935103,
        18.02550871924772,
        19.48983100156034,
        20.95415328387296,
        22.418475566185577,
        23.882797848498196,
        25.347120130810815,
        26.811442413123434,
        28.275764695436052,
        29.74008697774867,
        31.20440926006129,
        33.52520367686768,
        35.845998093674076,
        38.16679251048047,
        40.48758692728686,
        42.808381344093256,
        45.12917576089965,
        47.44997017770604,
        49.770764594512436,
        52.09155901131883,
        54.41235342812522,
        58.09056470042343,
        61.768775972721635,
        65.44698724501984,
        69.12519851731805,
        72.80340978961627,
        76.48162106191448,
        80.1598323342127,
        83.83804360651091,
        87.51625487880912,
        91.19446615110733,
        94.87267742340555,
        98.55088869570376,
        99.34333529193432,
        100.59927850768912,
        101.2287412135862,
        102.48766662538037,
        103.4852977828648,
        105.06643661294899,
        107.57237278108535,
        111.54401395470676,
        116.54401395470676,
        121.54401395470676,
        126.54401395470676,
        131.54401395470677,
        136.54401395470677,
        141.54401395470677,
        146.54401395470677,
        151.54401395470677,
        156.54401395470677,
        161.54401395470677,
        166.54401395470677,
        171.54401395470677,
        176.54401395470677,
        181.54401395470677,
        186.54401395470677,
        191.54401395470677,
        196.54401395470677,
        200.0
    ],
    "force": [
        -0.0,
        2027.304108013262,
        2468.26441953933,
        2683.829174999974,
        3028.780862587131,
        2985.397597689618,
        3187.8697566124847,
        3143.106464445562,
        3161.739282317899,
        3021.083661379488,
        2949.805198681154,
        2887.541927730634,
        2921.9905495231897,
        2895.4662054603273,
        2895.8481226036256,
        2272.7319349776294,
        2350.5398461435257,
        2022.1881475682071,
        2004.5618426644114,
        2303.35743643223,
        2292.573806632394,
        1768.4210443532802,
        2030.6940949470522,
        2180.4217092687227,
        1819.9062576474128,
        2185.226044325954,
        1959.9286564702,
        2352.7249785250797,
        1827.4079158900704,
        1713.7102285432838,
        2157.5484497270654,
        1900.1102147470374,
        2385.7303786313196,
        1894.9449059772285,
        3054.2990665389757,
        2209.5483502710954,
        2824.723170586306,
        1699.5061420516024,
        2461.4306546080543,
        1824.033252668419,
        2530.937271911842,
        2271.9292305876124,
        3437.1062621382866,
        2800.7260942752814,
        3764.360998815271,
        2329.813652363599,
        -1696.158508996954,
        -776.3341929339223,
        -1034.307654809215,
        223.1026991880995,
        -415.857506748594,
        730.9471629808385,
        -437.605472831395,
        642.2811694282912,
        -51.490949528142025,
        722.0312102001728,
        -139.405222026265,
        617.4690074432033,
        -460.8305000308123,
        -198.72605153673962,
        633.3507980286722,
        65.74355774960654,
        567.110573901124,
        238.2376170070932,
        249.9662212331194,
        365.37982331714414,
        292.02714773310674,
        304.8701365906847,
        264.2113384769679,
        303.2602700773765,
        341.8153437430289
    ],
    "displacement": [
        -0.0,
        2.5848931924611137e-05,
        4.916721994820778e-05,
        6.764571792243069e-05,
        9.693216356868305e-05,
        0.00012621860921493543,
        0.00015550505486118779,
        0.00018479150050744017,
        0.00021407794615369255,
        0.00024336439179994493,
        0.0002726508374461973,
        0.00030193728309244966,
        0.00033122372873870204,
        0.0003605101743849544,
        0.0003897966200312068,
        0.0004190830656774592,
        0.00044836951132371156,
        0.00047765595696996395,
        0.0005069424026162162,
        0.0005362288482624687,
        0.000565515293908721,
        0.0005948017395549734,
        0.0006240881852012257,
        0.0006705040735373537,
        0.0007169199618734815,
        0.0007633358502096094,
        0.0008097517385457372,
        0.0008561676268818651,
        0.0009025835152179929,
        0.0009489994035541209,
        0.0009954152918902487,
        0.0010418311802263766,
        0.0010882470685625045,
        0.0011618112940084686,
        0.0012353755194544327,
        0.0013089397449003969,
        0.0013825039703463612,
        0.0014560681957923253,
        0.0015296324212382896,
        0.001603196646684254,
        0.001676760872130218,
        0.0017503250975761824,
        0.0018238893230221468,
        0.001897453548468111,
        0.0019710177739140754,
        0.0019868667058386864,
        -0.0,
        -0.0,
        -0.0,
        -0.0,
        -0.0,
        -0.0,
        -0.0,
        -0.0,
        -0.0,
        -0.0,
        -0.0,
        -0.0,
        -0.0,
        -0.0,
        -0.0,
        -0.0,
        -0.0,
        -0.0,
        -0.0,
        -0.0,
        -0.0,
        -0.0,
        -0.0,
        -0.0,
        -0.0
    ],
    "d3_time": [
        0.0,
        20.95415328387296,
        40.48758692728686,
        61.768775972721635,
        83.83804360651091,
        101.2287412135862,
        121.54401395470676,
        141.54401395470677,
        166.54401395470677,
        186.54401395470677,
        200.0
    ],
    "effective_plastic_strain": [
        [
            0.0,
            0.0,
            0.0,
            0.0,
            0.0,
            0.0
        ],
        [
            0.16545423062094722,
            0.03846402590849935,
            0.13308764104105936,
            0.08889547303762,
            0.0,
            0.004441353555344767
        ],
        [
            0.34267257782392135,
            0.038464025908499344,
            0.13308764104105936,
            0.08889547303762,
            0.0,
            0.004441353555344767
        ],
        [
            0.5288943914084276,
            0.038464025908499344,
            0.13308764104105936,
            0.08889547303762001,
            0.0,
            0.004441353555344774
        ],
        [
            0.7425130035348149,
            0.03846402590849935,
            0.13308764104105936,
            0.08889547303762,
            0.00010308652698794575,
            0.004441353555344769
        ],
        [
            0.0,
            0.0,
            0.0,
            0.0,
            0.021923458521950358,
            0.03622433309275997
        ],
        [
            0.0,
            0.0,
            0.0,
            0.0,
            0.021923458521950358,
            0.0
        ],
        [
            0.0,
            0.0,
            0.0,
            0.0,
            0.021923458521950358,
            0.0
        ],
        [
            0.0,
            0.0,
            0.0,
            0.0,
            0.021923458521950358,
            0.0
        ],
        [
            0.0,
            0.0,
            0.0,
            0.0,
            0.021923458521950358,
            0.0
        ],
        [
            0.0,
            0.0,
            0.0,
            0.0,
            0.021923458521950358,
            0.0
        ]
    ],