{
    "bin_time": [
        0.0,
        1.292446596230557,
        2.548389811985347,
        3.4723147106964936,
        4.936636993009112,
        7.257431409815503,
        9.578225826621892,
        11.899020243428282,
        15.57723151572649,
        20.57723151572649,
        25.57723151572649,
        30.57723151572649,
        35.57723151572649,
        40.57723151572649,
        45.57723151572649,
        50.57723151572649,
        55.57723151572649,
        60.57723151572649,
        65.57723151572648,
        70.57723151572648,
        75.57723151572648,
        80.57723151572648,
        85.57723151572648,
        90.57723151572648,
        95.57723151572648,
        97.89802593253287,
        99.60530036944968
    ],
    "force": [
        -0.0,
        1015.8322193367974,
        1993.6764881394954,
        2444.0941982636923,
        2468.879018737574,
        2896.3298538586237,
        2897.549430399355,
        3018.0498157881575,
        3102.125271350577,
        3281.5796318215994,
        3057.3800761343264,
        2895.70991145483,
        2996.0577375978255,
        2725.0665403565695,
        2818.1130512419386,
        2314.759244133258,
        2378.492560292901,
        2246.591855781056,
        1791.3504503588829,
        2193.4911173551286,
        2162.9218818688228,
        1802.77432834563,
        2249.881656608525,
        1997.123808499012,
        2629.157263370079,
        2423.775341464213,
        1919.747716780768
    ],
    "displacement": [
        -0.0,
        1.2924465962305568e-05,
        2.5483898119853474e-05,
        3.4723147106964935e-05,
        4.9366369930091125e-05,
        7.257431409815502e-05,
        9.578225826621893e-05,
        0.00011899020243428282,
        0.00015577231515726488,
        0.00020577231515726488,
        0.0002557723151572649,
        0.00030577231515726487,
        0.0003557723151572649,
        0.00040577231515726486,
        0.00045577231515726494,
        0.0005057723151572649,
        0.0005557723151572649,
        0.000605772315157265,
        0.0006557723151572649,
        0.0007057723151572648,
        0.0007557723151572649,
        0.0008057723151572648,
        0.0008557723151572648,
        0.0009057723151572649,
        0.0009557723151572648,
        0.0009789802593253287,
        0.0009960530036944967
    ],
    "d3_time": [
        0.0,
        20.57723151572649,
        40.57723151572649,
        65.57723151572648,
        85.57723151572648,
        99.99994462848781
    ],
    "effective_plastic_strain": [
        [
            0.0,
            0.0,
            0.0,
            0.0,
            0.0,
            0.0
        ],
        [
            0.06856705224406454,
            0.04425793971622601,
            0.06409503036149511,
            0.06743439862719894,
            0.0,
            0.01074406625445782
        ],
        [
            0.1603508446645164,
            0.04425793971622601,
            0.14811403864782965,
            0.09572005519652077,
            0.0,
            0.01074406625445782
        ],
        [
            0.26498819905600995,
            0.04425793971622602,
            0.19598155547410648,
            0.09572005519652077,
            0.0,
            0.01074406625445782
        ],
        [
            0.3440175590362216,
            0.04425793971622602,
            0.19598155547410645,
            0.09572005519652077,
            0.0,
            0.01074406625445782
        ],
        [
            0.4091862107793679,
            0.04425793971622602,
            0.19598155547410645,
            0.09572005519652077,
            0.0,
            0.010744066254457816
        ]
    ],
    "triaxiality": [
        [
            -Infinity,
            NaN,
            NaN,
            NaN,
            NaN,
            NaN
        ],
        [
            0.1159921023425968,
            0.7385816227532156,
            -0.32298350966915446,
            0.3472209296555077,
            -0.05576748367188077,
            0.7192435664519696
        ],
        [
            -0.7028426286961048,
            NaN,
            0.214853211212151,
            NaN,
            0.2922694567798174,
            NaN
        ],
        [
            -1.3767604648896674,
            NaN,
            NaN,
            NaN,
            0.4508709767658121,
            NaN
        ],
        [
            -0.7996735349004142,
            NaN,
            NaN,
            NaN,
            0.3430491749324606,
            NaN
        ],
        [
            -0.40232412003423906,
            NaN,
            NaN,
            NaN,
            0.4127196241274616,
            NaN
        ]
    ],
    "interest_element_ids": [
        81,
        67,
        47,
        53,
        45,
        61
    ]
}