{
    "bin_time": [
        0.0,
        2.5,
        6.462232981152784,
        7.815156797518943,
        8.49322494235195,
        8.992040521094172,
        9.358990337999689,
        9.940566604788096,
        10.232045205083054,
        10.694007654438627,
        11.426168795594936,
        12.586566003998131,
        13.168142270786538,
        13.366724329467608,
        13.68145568241615,
        14.18027126115837,
        14.43027126115837,
        14.82649455927365,
        15.117973159568608,
        15.264058512911987,
        15.495588194944185,
        15.862538011849702,
        16.44411427863811,
        16.73559287893307,
        17.197555328288644,
        17.929716469444955,
        19.09011367784815,
        20.250510886251348,
        22.08961652240045,
        25.004402525350034,
        27.919188528299618,
        30.8339745312492,
        35.45359902480493,
        40.07322351836066,
        44.692848011916396,
        49.31247250547213,
        53.93209699902786,
        58.551721492583596,
        63.17134598613933,
        67.79097047969506,
        72.4105949732508,
        77.03021946680653,
        81.64984396036226,
        86.269468453918,
        90.88909294747373,
        95.50871744102946,
        100.0
    ],
    "force": [
        -0.0,
        1796.8738850065658,
        4536.4837552359595,
        4961.914770395137,
        5129.462729462403,
        5160.083776083447,
        5466.828914564864,
        4878.571704261844,
        4544.257089122191,
        5150.961924293301,
        5680.51085340755,
        5922.336985347841,
        5941.512829562325,
        5573.4856734987525,
        5893.881109527614,
        6436.969015337074,
        5735.519380474046,
        6133.693345804621,
        6092.590772923508,
        5709.773242992608,
        6051.902420856614,
        6316.549441873721,
        5897.37540374836,
        4918.9891938268465,
        5580.779918627859,
        6147.7435952651,
        5091.089033328888,
        5924.118652106314,
        6458.968085508197,
        6699.344496320853,
        6825.205101798701,
        7163.487800252707,
        7403.924261908394,
        7560.322848151565,
        7547.147730349742,
        7590.4963981747305,
        7727.968916196376,
        7699.764250014827,
        7704.432250185339,
        7480.013057532003,
        7281.858558610832,
        6982.694097648298,
        6904.837863475954,
        7047.296997636695,
        6780.372918257854,
        6684.322802342915,
        6395.421354577587
    ],
    "displacement": [
        -0.0,
        1.25e-05,
        3.2311164905763926e-05,
        3.907578398759472e-05,
        4.2466124711759755e-05,
        4.679495168999845e-05,
        5.1160226025415274e-05,
        5.713084397797469e-05,
        6.293283001999066e-05,
        6.584071135393269e-05,
        7.090135630579186e-05,
        7.558986579784304e-05,
        8.222057139319056e-05,
        8.598777664144323e-05,
        9.545056838924076e-05,
        0.00010125255443125675,
        0.00011044808261200226,
        0.00012502201262675017,
        0.0001395959426414981,
        0.00015416987265624602,
        0.00017726799512402466,
        0.00020036611759180335,
        0.000223464240059582,
        0.00024656236252736064,
        0.00026966048499513934,
        0.000292758607462918,
        0.00031585672993069666,
        0.00033895485239847535,
        0.000362052974866254,
        0.0003851510973340327,
        0.0004082492198018113,
        0.00043134734226959,
        0.0004544454647373687,
        0.00047754358720514733,
        0.0005
    ],
    "d3_time": [
        0.0,
        10.232045205083054,
        20.250510886251348,
        30.8339745312492,
        44.692848011916396,
        53.93209699902786,
        63.17134598613933,
        72.4105949732508,
        81.64984396036226,
        95.50871744102946,
        100.0
    ],
    "effective_plastic_strain": [
        [
            0.0,
            0.0,
            0.0,
            0.0,
            0.0,
            0.0
        ],
        [
            0.01869721246942056,
            0.020991466249485936,
            0.02246844823464918,
            0.011147665446462765,
            0.010105960047017637,
            0.014338335466787361
        ],
        [
            0.058810535835362054,
            0.06227810980845152,
            0.06507159615042545,
            0.04775213010410896,
            0.04247423333693709,
            0.054781849801888764
        ],
        [
            0.08789838040364689,
            0.09251984882117496,
            0.09496463541392791,
            0.07863096534533646,
            0.07068577397359964,
            0.08456327405644543
        ],
        [
            0.12776049537281345,
            0.13545334689722904,
            0.13821731828381079,
            0.1115639388704304,
            0.11195237799156704,
            0.12855582835683438
        ],
        [
            0.15592928912711357,
            0.1635218112433315,
            0.1662080162572934,
            0.1115639388704304,
            0.13946846652809441,
            0.15904539871552636
        ],
        [
            0.1863533775403496,
            0.193232565638418,
            0.19668327735547497,
            0.1115639388704304,
            0.16903908654849042,
            0.1934790315338038
        ],
        [
            0.20190583177166746,
            0.2111511555966739,
            0.23215339381615493,
            0.11156393887043042,
            0.19981280349114838,
            0.22774744471003702
        ],
        [
            0.20190583177166743,
            0.2111511555966739,
            0.23215339381615493,
            0.11156393887043042,
            0.2177289616308817,
            0.2636091046105486
        ],
        [
            0.20190583177166743,
            0.2111511555966739,
            0.2321533938161549,
            0.11156393887043042,
            0.2177289616308817,
            0.3122954802480142
        ],
        [
            0.20190583177166743,
            0.2111511555966739,
            0.2321533938161549,
            0.11156393887043042,
            0.2177289616308817,
            0.3122954802480142
        ]
    ],