{
    "bin_time": [
        0.0,
        2.5,
        6.462232981152784,
        9.377018984102364,
        10.837872517536159,
        13.153169337858143,
        15.468466158180128,
        17.78376297850211,
        20.099059798824094,
        24.72965343946806,
        27.044950259790042,
        29.360247080112025,
        31.675543900434008,
        33.99084072075599,
        36.30613754107797,
        38.621434361399956,
        40.93673118172194,
        43.25202800204392,
        45.567324822365904,
        47.88262164268789,
        50.19791846300987,
        52.51321528333185,
        57.14380892397582,
        59.4591057442978,
        61.774402564619784,
        64.08969938494177,
        66.40499620526376,
        68.72029302558575,
        71.03558984590774,
        73.35088666622973,
        75.66618348655172,
        77.9814803068737,
        80.2967771271957,
        82.61207394751769,
        87.24266758816167,
        89.55796440848366,
        91.87326122880565,
        94.18855804912764,
        96.50385486944963,
        98.81915168977162,
        100.0
    ],
    "force": [
        -0.0,
        1796.873885006601,
        4536.483755237045,
        4950.379742450574,
        5438.265575074341,
        5817.057290717524,
        6191.609976697116,
        6521.1927900887085,
        6787.574947824137,
        7152.433175716474,
        7320.502280931467,
        7463.346934525118,
        7493.517609587405,
        7598.203590890958,
        7603.994317388891,
        7660.641959848586,
        7752.202247284984,
        7687.362474838059,
        7710.032952308351,
        7801.828581372062,
        7872.653067403361,
        7919.567027588278,
        8019.568610992183,
        8004.751347271239,
        7865.805943435843,
        7547.609675529045,
        7458.378026935711,
        7198.307832118785,
        7109.902175451933,
        6864.008521870157,
        6673.63274782184,
        6495.076921584829,
        6642.659832330715,
        6420.812694097435,
        6132.070038065883,
        6159.161667655879,
        6159.997721644732,
        6000.648875965641,
        5928.876610199334,
        6068.879392005132,
        5890.694771966645
    ],
    "displacement": [
        -0.0,
        1.25e-05,
        3.2311164905763926e-05,
        4.688509492051182e-05,
        5.41893625876808e-05,
        6.576584668929072e-05,
        7.734233079090064e-05,
        8.891881489251056e-05,
        0.00010049529899412047,
        0.0001236482671973403,
        0.00013522475129895022,
        0.00014680123540056013,
        0.00015837771950217005,
        0.00016995420360377996,
        0.00018153068770538987,
        0.00019310717180699979,
        0.0002046836559086097,
        0.00021626014001021964,
        0.00022783662411182955,
        0.00023941310821343946,
        0.00025098959231504935,
        0.0002625660764166593,
        0.0002857190446198791,
        0.00029729552872148905,
        0.00030887201282309894,
        0.0003204484969247089,
        0.0003320249810263188,
        0.00034360146512792876,
        0.0003551779492295387,
        0.00036675443333114864,
        0.00037833091743275863,
        0.00038990740153436857,
        0.0004014838856359785,
        0.00041306036973758845,
        0.0004362133379408084,
        0.0004477898220424183,
        0.00045936630614402827,
        0.0004709427902456382,
        0.00048251927434724815,
        0.0004940957584488581,
        0.0005
    ],
    "d3_time": [
        0.0,
        10.837872517536159,
        22.414356619146076,
        31.675543900434008,
        40.93673118172194,
        52.51321528333185,
        61.774402564619784,
        71.03558984590774,
        82.61207394751769,
        91.87326122880565,
        100.0
    ],
    "effective_plastic_strain": [
        [
            0.0,
            0.0,
            0.0,
            0.0,
            0.0,
            0.0
        ],
        [
            0.013202771968519846,
            0.016651012930648666,
            0.016465581983647563,
            0.013872831481140173,
            0.011427824938702478,
            0.014349101611512594
        ],
        [
            0.04436458239546761,
            0.049507370907289946,
            0.049283953767704704,
            0.04842459380045816,
            0.04255493563817226,
            0.04630099111832183
        ],
        [
            0.07178519361644935,
            0.07591363181685284,
            0.07622880064516564,
            0.07969594506714525,
            0.06858272007905561,
            0.07367588130028534
        ],
        [
            0.09957764858807856,
            0.1040610854145088,
            0.10474127422598704,
            0.10885729179340975,
            0.0958889039326356,
            0.10149963052170904
        ],
        [
            0.1357076024314068,
            0.14044684780789457,
            0.14165593537651994,
            0.10885729179340975,
            0.12987466907377831,
            0.13813662261524315
        ],
        [
            0.16507758096366865,
            0.1733866822852084,
            0.1740702429011929,
            0.10885729179340975,
            0.1609145202554929,
            0.1689324204923044
        ],
        [
            0.1975385172412979,
            0.1733866822852084,
            0.18736526668262296,
            0.10885729179340975,
            0.19951230328578354,
            0.20359934324465614
        ],
        [
            0.20646174675204362,
            0.1733866822852084,
            0.18736526668262293,
            0.10885729179340975,
            0.19951230328578354,
            0.23372785433506899
        ],
        [
            0.20646174675204362,
            0.1733866822852084,
            0.18736526668262293,
            0.10885729179340975,
            0.19951230328578354,
            0.23372785433506899
        ],
        [
            0.20646174675204362,
            0.1733866822852084,
            0.18736526668262293,
            0.10885729179340975,
            0.19951230328578354,
            0.23372785433506899
        ]
    ],