{
    "bin_time": [
        0.0,
        1.292446596230557,
        2.30425174611592,
        3.1619476447068138,
        4.918843185162019,
        6.626117622078819,
        8.33339205899562,
        10.040666495912422,
        11.747940932829223,
        13.455215369746025,
        15.162489806662826,
        16.869764243579628,
        18.57703868049643,
        20.28431311741323,
        21.99158755433003,
        23.698861991246833,
        25.406136428163634,
        27.113410865080436,
        28.820685301997237,
        30.52795973891404,
        32.23523417583084,
        33.94250861274764,
        35.649783049664435,
        37.35705748658123,
        40.062905119313555,
        42.76875275204587,
        45.474600384778185,
        49.76307987773266,
        54.05155937068713,
        58.3400388636416,
        62.628518356596075,
        66.91699784955054,
        71.205477342505,
        75.49395683545947,
        79.78243632841394,
        84.0709158213684,
        88.35939531432287,
        92.64787480727733,
        96.9363543002318,
        100.0
    ],
    "force": [
        -0.0,
        2027.3041080117312,
        2456.6026473831434,
        2689.324421378523,
        2862.570844566378,
        3156.603393422076,
        3216.5948413670803,
        3054.776662502542,
        2874.310412940206,
        3094.029123808692,
        3032.608174695555,
        2819.6661290235115,
        2646.214164686063,
        2429.713097605231,
        2198.8909456406764,
        2211.8095167946344,
        2483.044666315863,
        2112.5007789942465,
        2346.4186414396722,
        2241.9659049657253,
        1855.0364135026934,
        2301.1900831958365,
        1993.8428622851397,
        2282.4313412404713,
        1989.818887769827,
        1909.2904081489169,
        2647.8602734933934,
        2251.794281346435,
        2257.0521867802404,
        1605.6030843374356,
        2121.0546651026316,
        2216.129444483001,
        2983.6870113830396,
        2154.6084647352377,
        3780.072441060389,
        2103.329890173272,
        4223.288008759306,
        2572.32973346132,
        4222.105234537721,
        2729.4997229188766
    ],
    "displacement": [
        -0.0,
        2.5848931924611137e-05,
        4.60850349223184e-05,
        6.323895289413628e-05,
        9.837686370324038e-05,
        0.0001325223524415764,
        0.0001666678411799124,
        0.00020081332991824844,
        0.00023495881865658448,
        0.0002691043073949205,
        0.00030324979613325655,
        0.00033739528487159256,
        0.0003715407736099286,
        0.00040568626234826463,
        0.00043983175108660064,
        0.0004739772398249367,
        0.0005081227285632727,
        0.0005422682173016087,
        0.0005764137060399448,
        0.0006105591947782808,
        0.0006447046835166169,
        0.0006788501722549528,
        0.0007129956609932888,
        0.0007471411497316248,
        0.0008012581023862711,
        0.0008553750550409174,
        0.0009094920076955637,
        0.0009952615975546532,
        0.0010810311874137426,
        0.0011668007772728322,
        0.0012525703671319216,
        0.0013383399569910108,
        0.0014241095468501002,
        0.0015098791367091895,
        0.001595648726568279,
        0.0016814183164273679,
        0.0017671879062864573,
        0.0018529574961455467,
        0.001938727086004636,
        0.002
    ],
    "d3_time": [
        0.0,
        11.747940932829223,
        20.28431311741323,
        30.52795973891404,
        42.76875275204587,
        54.05155937068713,
        62.628518356596075,
        71.205477342505,
        84.0709158213684,
        92.64787480727733,
        100.0
    ],
    "effective_plastic_strain": [
        [
            0.0,
            0.0,
            0.0,
            0.0,
            0.0,
            0.0
        ],
        [
            0.08750544909323799,
            0.04325943315936573,
            0.08263920899570582,
            0.08587420014948696,
            0.0,
            0.008526929130245374
        ],
        [
            0.16144413100608151,
            0.04325943315936573,
            0.14012169653084913,
            0.08587420014948696,
            0.0,
            0.008526929130245374
        ],
        [
            0.23888931498176977,
            0.04325943315936573,
            0.14012169653084913,
            0.08587420014948696,
            0.0,
            0.008526929130245374
        ],
        [
            0.3515212855979782,
            0.04325943315936573,
            0.14012169653084916,
            0.08587420014948696,
            0.0,
            0.008526929130245376
        ],
        [
            0.4421848340514762,
            0.04325943315936574,
            0.14012169653084916,
            0.08587420014948696,
            3.721666516583016e-05,
            0.00852692913024537
        ],
        [
            0.5178948221629716,
            0.04325943315936573,
            0.14012169653084916,
            0.08587420014948696,
            0.0005338970396700792,
            0.008526929130245367
        ],
        [
            0.5969565341214479,
            0.04325943315936573,
            0.14012169653084916,
            0.08587420014948696,
            0.0012282661396190349,
            0.008526929130245366
        ],
        [
            0.7028610777356288,
            0.043259433159365736,
            0.14012169653084916,
            0.08587420014948693,
            0.0012282661396190346,
            0.008526929130245359
        ],
        [
            0.7705888853858767,
            0.043259433159365736,
            0.14012169653084916,
            0.08587420014948695,
            0.0012282661396190342,
            0.008526929130245359
        ],
        [
            0.8332944034479047,
            0.043259433159365736,
            0.14012169653084916,
            0.08587420014948695,
            0.0012282661396190338,
            0.008526929130245352
        ]
    ],
    "triaxiality": [
        [
            -Infinity,
            NaN,
            NaN,
            NaN,
            NaN,
            NaN
        ],
        [
            0.16442767119391388,
            NaN,
            0.0725659832091803,
            0.7697572657120809,
            0.1518795922460389,
            NaN
        ],
        [
            -0.6088327695319204,
            NaN,
            NaN,
            NaN,
            0.2876434501414385,
            NaN
        ],
        [
            -0.8565436581777734,
            NaN,
            NaN,
            NaN,
            0.2989398487712927,
            NaN
        ],
        [
            -0.6433872399534544,
            NaN,
            NaN,
            NaN,
            0.40536273450714133,
            NaN
        ],
        [
            -0.34952265537423904,
            NaN,
            NaN,
            NaN,
            0.36560166765642704,
            NaN
        ],
        [
            -0.4231327852362777,
            NaN,
            NaN,
            NaN,
            0.46559997818807625,
            NaN
        ],
        [
            -0.28124103551007273,
            NaN,
            NaN,
            NaN,
            NaN,
            NaN
        ],
        [
            -0.21814679029263448,
            NaN,
            NaN,
            NaN,
            NaN,
            NaN
        ],
        [
            -0.15348892782028206,
            NaN,
            NaN,
            NaN,
            NaN,
            NaN
        ],
        [
            -0.02550525254578829,
            NaN,
            NaN,
            NaN,
            NaN,
            NaN
        ]
    ],
    "interest_element_ids": [
        81,
        67,
        47,
        53,
        45,
        61
    ]
}