{
    "bin_time": [
        0.0,
        1.292446596230557,
        2.0491917347911057,
        3.4696129316477964,
        4.009500512811651,
        5.089275675139361,
        6.169050837467071,
        7.248825999794781,
        8.644377733039526,
        9.500041885120417,
        10.355706037201308,
        11.2113701892822,
        12.06703434136309,
        13.423170631029105,
        14.77930692069512,
        16.135443210361135,
        17.49157950002715,
        18.847715789693165,
        20.20385207935918,
        21.559988369025195,
        22.91612465869121,
        23.051738287657813,
        24.14720502070476,
        25.173831843963985,
        26.171463001448426,
        27.169094158932868,
        28.750232989017057,
        30.331371819101246,
        31.912510649185435,
        34.4184468173218,
        36.924382985458166,
        40.89602415907957,
        44.86766533270098,
        48.83930650632239,
        52.810947679943794,
        56.7825888535652,
        60.75423002718661,
        64.72587120080802,
        68.69751237442942,
        72.66915354805083,
        76.64079472167224,
        80.61243589529364,
        84.58407706891505,
        88.55571824253646,
        92.52735941615786,
        96.49900058977927,
        100.0
    ],
    "force": [
        -0.0,
        2085.3408105748094,
        2423.840131266132,
        2710.512594297484,
        2774.942732653663,
        2870.9613813846017,
        2964.5246249949155,
        3044.440284269323,
        3174.29269042423,
        3222.958364244472,
        3267.468243914764,
        3254.9385300469166,
        3270.266907542057,
        3371.611931384807,
        3391.15894700437,
        3317.8499056850083,
        3367.6604757360815,
        3347.802032844477,
        3332.1589103659953,
        3304.405767339468,
        2838.423111138143,
        802.7559982619501,
        1625.5416514146507,
        2245.336475071031,
        188.10532612573755,
        2882.447524945056,
        1734.7143199057234,
        2473.358553562249,
        2805.192288802329,
        2774.0925418749457,
        2987.5300029047044,
        2747.4080751909714,
        3147.0497796811583,
        2615.1637950261675,
        2237.9722656005188,
        2950.07066149063,
        2493.126838278187,
        3145.072800582142,
        2991.6703617581234,
        2456.6840627858505,
        3186.953865004445,
        2751.2435939491897,
        2206.5334369591737,
        3417.587647729203,
        3099.436111525057,
        2673.828437057164,
        3370.8997703618443
    ],
    "displacement": [
        -0.0,
        -0.0,
        -0.0,
        -0.0,
        -0.0,
        -0.0,
        -0.0,
        -0.0,
        -0.0,
        -0.0,
        -0.0,
        -0.0,
        -0.0,
        -0.0,
        -0.0,
        -0.0,
        -0.0,
        -0.0,
        -0.0,
        -0.0,
        -0.0,
        -0.0,
        -0.0,
        -0.0,
        -0.0,
        -0.0,
        -0.0,
        -0.0,
        -0.0,
        -0.0,
        -0.0,
        -0.0,
        -0.0,
        -0.0,
        -0.0,
        -0.0,
        -0.0,
        -0.0,
        -0.0,
        -0.0,
        -0.0,
        -0.0,
        -0.0,
        -0.0,
        -0.0,
        -0.0,
        -0.0
    ],
    "d3_time": [
        0.0,
        10.355706037201308,
        20.20385207935918,
        30.331371819101246,
        40.89602415907957,
        52.810947679943794,
        60.75423002718661,
        72.66915354805083,
        84.58407706891505,
        92.52735941615786,
        100.0
    ],
    "effective_plastic_strain": [
        [
            0.0,
            0.0,
            0.0,
            0.0
        ],
        [
            0.04733589430790846,
            0.0,
            0.055804462001522066,
            0.06704185151452921
        ],
        [
            0.10661289834117386,
            0.0,
            0.07601499497810432,
            0.07979724625131537
        ],
        [
            0.1693681481355557,
            0.0,
            0.07601499497810432,
            0.07979724625131537
        ],
        [
            0.24106383849043042,
            4.7871031058846036e-05,
            0.07601499497810432,
            0.07979724625131537
        ],
        [
            0.2685915220507273,
            4.7871031058846036e-05,
            0.07601499497810434,
            0.07979724625131537
        ],
        [
            0.2685915220507273,
            4.7871031058846036e-05,
            0.07601499497810432,
            0.07979724625131537
        ],
        [
            0.2685915220507273,
            0.0004760572165296819,
            0.07601499497810432,
            0.07979724625131537
        ],
        [
            0.2685915220507273,
            0.002494333762993883,
            0.07601499497810432,
            0.07979724625131537
        ],
        [
            0.2685915220507273,
            0.0030111268388132726,
            0.07601499497810432,
            0.07979724625131537
        ],
        [
            0.2685915220507273,
            0.007768172140608262,
            0.07601499497810432,
            0.07979724625131537
        ]
    ],
    "triaxiality": [
        [
            NaN,
            NaN,
            NaN,
            NaN
        ],
        [
            -0.14576471963562712,
            -0.2967328136578294,
            0.5379962151415999,
            0.4017320293930486
        ],
        [
            0.06553157696006458,
            -0.2844723977278497,
            NaN,
            NaN
        ],
        [
            0.2271601251703128,
            -0.16146930277664998,
            NaN,
            NaN
        ],
        [
            0.13954928300663005,
            -0.09173073107435253,
            NaN,
            NaN
        ],
        [
            NaN,
            -0.1644656166241428,
            NaN,
            NaN
        ],
        [
            NaN,
            -0.15126668306851146,
            NaN,
            NaN
        ],
        [
            NaN,
            -0.0894671305905979,
            NaN,
            NaN
        ],
        [
            NaN,
            -0.13515618493382917,
            NaN,
            NaN
        ],
        [
            NaN,
            -0.5679437840753557,
            NaN,
            NaN
        ],
        [
            NaN,
            -0.32767333677621274,
            NaN,
            NaN
        ]
    ],
    "interest_element_ids": [
        81,
        67,
        47,
        53,
        45,
        61
    ]
}