{
    "bin_time": [
        0.0,
        1.292446596230557,
        2.548389811985347,
        3.8043330277401375,
        5.794868880507624,
        7.785404733275111,
        9.775940586042598,
        11.766476438810084,
        13.75701229157757,
        15.747548144345057,
        17.738083997112543,
        19.72861984988003,
        21.719155702647516,
        23.709691555415002,
        25.70022740818249,
        27.690763260949975,
        29.68129911371746,
        31.671834966484948,
        33.66237081925244,
        35.652906672019924,
        37.64344252478741,
        39.6339783775549,
        41.62451423032238,
        43.61505008308987,
        45.605585935857356,
        47.59612178862484,
        49.58665764139233,
        51.577193494159815,
        53.5677293469273,
        55.55826519969479,
        57.548801052462274,
        59.53933690522976,
        61.529872757997246,
        63.52040861076473,
        65.51094446353223,
        68.6657311859332,
        71.82051790833417,
        74.97530463073514,
        78.13009135313611,
        81.28487807553708,
        84.43966479793805,
        87.59445152033902,
        90.74923824273999,
        93.90402496514096,
        97.05881168754193,
        100.0
    ],
    "force": [
        -0.0,
        2218.76189288408,
        2653.185678656091,
        2889.393805790395,
        3341.9619628871455,
        3315.1520024817883,
        3388.6925537036104,
        3466.3767349771106,
        3448.329584204844,
        3298.5289178120374,
        2886.128840500769,
        2596.113882799421,
        2517.510823933341,
        2484.685638139664,
        2465.66799223729,
        2411.2303640089067,
        2378.7299904198294,
        2348.7353247957567,
        2296.4377017643,
        2294.604858770916,
        2286.479401708574,
        2286.088910273823,
        2263.80189220356,
        2811.0005181621264,
        2405.374609184398,
        2194.890705243717,
        2072.340713190472,
        2047.5624943061553,
        1947.6313041816475,
        1887.9687934850058,
        1943.4789138273657,
        1992.5582889462814,
        2101.98441608667,
        2077.9072239393317,
        2836.3069005522216,
        3806.028549034752,
        4028.3848300716013,
        3572.0654112842735,
        2760.6326345503403,
        3071.0935012869154,
        3908.9116323666167,
        2964.030691941869,
        1822.4732198670913,
        1668.2316476867552,
        343.8147298191056,
        -145.0039183232699
    ],
    "displacement": [
        -0.0,
        2.5848931924611137e-05,
        5.096779623970695e-05,
        7.608666055480275e-05,
        0.00011589737761015249,
        0.0001557080946655022,
        0.00019551881172085196,
        0.0002353295287762017,
        0.0002751402458315514,
        0.00031495096288690117,
        0.0003547616799422509,
        0.00039457239699760064,
        0.00043438311405295034,
        0.00047419383110830005,
        0.0005140045481636499,
        0.0005538152652189995,
        0.0005936259822743493,
        0.000633436699329699,
        0.0006732474163850487,
        0.0007130581334403985,
        0.0007528688504957482,
        0.0007926795675510979,
        0.0008324902846064478,
        0.0008723010016617973,
        0.0009121117187171472,
        0.0009519224357724968,
        0.0009917331528278466,
        0.0010315438698831963,
        0.0010713545869385462,
        0.0011111653039938957,
        0.0011509760210492454,
        0.0011907867381045951,
        0.001230597455159945,
        0.0012704081722152948,
        0.0013102188892706447,
        0.001373314623718664,
        0.0014364103581666833,
        0.0014995060926147029,
        0.0015626018270627222,
        0.0016256975615107417,
        0.001688793295958761,
        0.0017518890304067806,
        0.0018149847648548,
        0.0018780804993028194,
        0.0019411762337508387,
        0.002
    ],
    "d3_time": [
        0.0,
        11.766476438810084,
        21.719155702647516,
        31.671834966484948,
        41.62451423032238,
        51.577193494159815,
        61.529872757997246,
        71.82051790833417,
        81.28487807553708,
        93.90402496514096,
        100.0
    ],
    "effective_plastic_strain": [
        [
            0.0,
            0.0,
            0.0,
            0.0,
            0.0,
            0.0
        ],
        [
            0.03300293071100743,
            0.0037143026108021776,
            0.04950502992801775,
            0.02083815913585022,
            0.0005847051895553316,
            0.0
        ],
        [
            0.03300293071100743,
            0.005142115873135374,
            0.049505029928017766,
            0.04191842583785896,
            0.0017140728099487312,
            0.0
        ],
        [
            0.03300293071100743,
            0.005142115873135374,
            0.049505029928017766,
            0.04191842583785896,
            0.0017140728099487312,
            0.0
        ],
        [
            0.03300293071100743,
            0.005142115873135374,
            0.04950502992801778,
            0.04191842583785896,
            0.0017140728099487312,
            0.0
        ],
        [
            0.03300293071100743,
            0.0068358039661124605,
            0.04950502992801779,
            0.04191842583785896,
            0.0021263600028353525,
            0.0
        ],
        [
            0.03300293071100743,
            0.0068358039661124605,
            0.04950502992801776,
            0.04191842583785896,
            0.0021263600028353525,
            0.0
        ],
        [
            0.03300293071100743,
            0.02230720171851787,
            0.04950502992801775,
            0.04191842583785896,
            0.030759358723712136,
            0.0
        ],
        [
            0.03300293071100743,
            0.02230720171851787,
            0.04950502992801775,
            0.04191842583785896,
            0.06832319546015775,
            0.0
        ],
        [
            0.033002930711007426,
            0.022307201718517872,
            0.0,
            0.041918425837858965,
            0.11753423269055846,
            0.0
        ],
        [
            0.03300293071100743,
            0.022307201718517872,
            0.0,
            0.04191842583785896,
            0.11753423269055846,
            0.0
        ]
    ],