{
    "bin_time": [
        0.0,
        1.292446596230557,
        2.548389811985347,
        4.538925664752834,
        6.52946151752032,
        8.519997370287808,
        11.674784092688775,
        14.829570815089742,
        17.98435753749071,
        21.139144259891676,
        24.293930982292643,
        27.44871770469361,
        30.603504427094578,
        33.75829114949555,
        36.91307787189652,
        40.06786459429749,
        43.22265131669846,
        46.37743803909943,
        49.5322247615004,
        52.68701148390137,
        55.84179820630234,
        58.996584928703314,
        62.151371651104284,
        65.30615837350526,
        68.46094509590623,
        71.6157318183072,
        74.77051854070817,
        77.92530526310914,
        81.08009198551011,
        84.23487870791108,
        87.38966543031205,
        90.54445215271302,
        93.69923887511399,
        96.85402559751496,
        98.31425756325558,
        100.0
    ],
    "force": [
        -0.0,
        2167.761461318566,
        2553.945256934766,
        2968.8162061549638,
        3215.314975186652,
        3313.5709934542524,
        3503.2026949541837,
        3390.5134629485924,
        3077.4312367856433,
        2618.467359345684,
        2540.1140338644614,
        2391.9390613492983,
        2298.9590096814336,
        2305.005796251702,
        2160.105317602036,
        2667.7553812562164,
        2251.5398001917597,
        3202.711740094425,
        3071.9172143447604,
        2256.6996871649912,
        3271.7022829178477,
        2740.0903965471275,
        3492.867247107325,
        2649.1651087113178,
        2296.098734413928,
        3711.9182136320082,
        3118.467090318573,
        4169.936458716448,
        3375.5060836969847,
        3141.32109338322,
        4032.2091768566133,
        3699.643603710828,
        1981.722338411296,
        1867.4608093127947,
        -257.9697377597864,
        -571.9672411154106
    ],
    "displacement": [
        -0.0,
        2.5848931924611137e-05,
        5.096779623970695e-05,
        9.077851329505668e-05,
        0.0001305892303504064,
        0.00017039994740575615,
        0.00023349568185377552,
        0.00029659141630179487,
        0.0003596871507498142,
        0.0004227828851978335,
        0.0004858786196458529,
        0.0005489743540938722,
        0.0006120700885418916,
        0.0006751658229899111,
        0.0007382615574379305,
        0.0008013572918859498,
        0.0008644530263339692,
        0.0009275487607819887,
        0.0009906444952300082,
        0.0010537402296780273,
        0.0011168359641260468,
        0.0011799316985740662,
        0.0012430274330220857,
        0.001306123167470105,
        0.0013692189019181246,
        0.0014323146363661439,
        0.0014954103708141634,
        0.0015585061052621827,
        0.001621601839710202,
        0.0016846975741582216,
        0.001747793308606241,
        0.0018108890430542604,
        0.0018739847775022798,
        0.0019370805119502993,
        0.0019662851512651115,
        0.002
    ],
    "d3_time": [
        0.0,
        11.674784092688775,
        21.139144259891676,
        30.603504427094578,
        43.22265131669846,
        52.68701148390137,
        62.151371651104284,
        71.6157318183072,
        81.08009198551011,
        93.69923887511399,
        100.0
    ],
    "effective_plastic_strain": [
        [
            0.0,
            0.0,
            0.0,
            0.0,
            0.0,
            0.0
        ],
        [
            0.041229319911516495,
            0.003905833890795447,
            0.08851338826903615,
            0.02404245364605362,
            0.0010549186212084896,
            0.0
        ],
        [
            0.0412293199115165,
            0.004149182472470575,
            0.08851338826903617,
            0.04295002817138559,
            0.0012837066491569046,
            0.0
        ],
        [
            0.0412293199115165,
            0.004265648056268645,
            0.08851338826903618,
            0.04295002817138559,
            0.0014032838972087378,
            0.0
        ],
        [
            0.0412293199115165,
            0.006741175487891231,
            0.08851338826903618,
            0.04295002817138559,
            0.00340881296925532,
            0.0
        ],
        [
            0.0412293199115165,
            0.013037248443591314,
            0.08851338826903618,
            0.04295002817138559,
            0.008517454992971971,
            0.0
        ],
        [
            0.0412293199115165,
            0.02030828228968529,
            0.08851338826903618,
            0.04295002817138559,
            0.01813888106022485,
            0.0
        ],
        [
            0.0412293199115165,
            0.023747882113794125,
            0.08851338826903618,
            0.042950028171385594,
            0.0334315638606506,
            0.0
        ],
        [
            0.04122931991151649,
            0.023747882113794125,
            0.08851338826903618,
            0.04295002817138559,
            0.07657042051188506,
            0.0
        ],
        [
            0.041229319911516495,
            0.023747882113794118,
            0.0,
            0.04295002817138559,
            0.16328611475802968,
            0.0
        ],
        [
            0.041229319911516495,
            0.023747882113794118,
            0.0,
            0.04295002817138559,
            0.1661193131969707,
            0.0
        ]
    ],
    "triaxiality": [
        [
            NaN,
            NaN,
            NaN,
            NaN,
            NaN,
            NaN
        ],
        [
            0.8357243979488852,
            -0.20547900459743929,
            0.7833052757207999,
            0.06109559721508964,
            -0.27391414280697574,
            -0.08518064084740445
        ],
        [
            NaN,
            0.08354301401549842,
            NaN,
            0.7066681673412365,
            -0.43320085613872794,
            -0.059455318939566494
        ],
        [
            NaN,
            0.3745732034793575,
            NaN,
            NaN,
            -0.39840270069031447,
            -0.05073924169075712
        ],
        [
            NaN,
            0.0381322965122179,
            NaN,
            NaN,
            -0.5457693575541331,
            -0.029600148030025537
        ],
        [
            NaN,
            0.04501581938331079,
            NaN,
            NaN,
            -0.4161803507481287,
            -0.029119730082733823
        ],
        [
            NaN,
            0.33954247842936836,
            NaN,
            NaN,
            -0.6114584421988034,
            -0.05995086050126052
        ],
        [
            NaN,
            NaN,
            NaN,
            NaN,
            -0.7902769614573804,
            -0.05970294269918783
        ],
        [
            NaN,
            NaN,
            NaN,
            NaN,
            -1.21169553293258,
            -0.0337348673043206
        ],
        [
            NaN,
            NaN,
            NaN,
            NaN,
            -0.6100376219476031,
            0.0010481774125786559
        ],
        [
            NaN,
            NaN,
            NaN,
            NaN,
            0.36478537114964715,
            0.04019933014341091
        ]
    ],
    "interest_element_ids": [
        81,
        67,
        47,
        53,
        45,
        61
    ]
}