{
    "bin_time": [
        0.0,
        1.292446596230557,
        2.548389811985347,
        4.538925664752834,
        6.52946151752032,
        8.519997370287808,
        11.674784092688775,
        14.829570815089742,
        17.98435753749071,
        21.139144259891676,
        24.293930982292643,
        27.44871770469361,
        30.603504427094578,
        33.75829114949555,
        36.91307787189652,
        40.06786459429749,
        43.22265131669846,
        46.37743803909943,
        49.5322247615004,
        52.68701148390137,
        55.84179820630234,
        58.996584928703314,
        62.151371651104284,
        65.30615837350526,
        68.46094509590623,
        71.6157318183072,
        74.77051854070817,
        79.77051854070817,
        84.77051854070817,
        89.77051854070817,
        94.77051854070817,
        99.77051854070817,
        100.0
    ],
    "force": [
        -0.0,
        1120.6840975105256,
        2181.904244652561,
        2685.218503022566,
        2865.5341153984955,
        3009.4914603099905,
        3319.499819475222,
        3438.490047762506,
        3393.329469209634,
        3218.8134687897655,
        3297.2201536487114,
        3159.045649185519,
        2971.8012513082713,
        2725.121029575655,
        2421.91754150059,
        2511.920420478505,
        2347.8286504969487,
        2148.038130941265,
        2342.394434028985,
        2336.616453210805,
        2150.354325409185,
        2407.36716056413,
        2187.0336570073796,
        2402.061847378418,
        2288.2781084636117,
        1806.003247729462,
        2109.5420184117866,
        2616.561132178577,
        2107.9128705809385,
        1858.0683196911239,
        1873.3335554891264,
        1882.1997333219383,
        1560.7401361077368
    ],
    "displacement": [
        -0.0,
        1.2924465962305568e-05,
        2.5483898119853474e-05,
        4.538925664752834e-05,
        6.52946151752032e-05,
        8.519997370287807e-05,
        0.00011674784092688776,
        0.00014829570815089743,
        0.0001798435753749071,
        0.00021139144259891675,
        0.00024293930982292644,
        0.0002744871770469361,
        0.0003060350442709458,
        0.00033758291149495553,
        0.00036913077871896524,
        0.0004006786459429749,
        0.0004322265131669846,
        0.00046377438039099433,
        0.0004953222476150041,
        0.0005268701148390137,
        0.0005584179820630234,
        0.0005899658492870331,
        0.0006215137165110429,
        0.0006530615837350525,
        0.0006846094509590623,
        0.0007161573181830719,
        0.0007477051854070817,
        0.0007977051854070817,
        0.0008477051854070816,
        0.0008977051854070817,
        0.0009477051854070817,
        0.0009977051854070816,
        0.001
    ],
    "d3_time": [
        0.0,
        11.674784092688775,
        21.139144259891676,
        30.603504427094578,
        43.22265131669846,
        52.68701148390137,
        62.151371651104284,
        71.6157318183072,
        84.77051854070817,
        94.77051854070817,
        100.0
    ],
    "effective_plastic_strain": [
        [
            0.0,
            0.0,
            0.0,
            0.0,
            0.0,
            0.0
        ],
        [
            0.015419546447959408,
            0.0008593072594949742,
            0.03277991729001714,
            0.00961324545343978,
            0.0,
            0.0
        ],
        [
            0.030073236220665968,
            0.001993911173835071,
            0.0625281267666761,
            0.018502450393402353,
            0.0,
            0.0
        ],
        [
            0.03007323622066597,
            0.001993911173835071,
            0.0625281267666761,
            0.029266767758833964,
            9.756363335208992e-05,
            0.0
        ],
        [
            0.03007323622066597,
            0.001993911173835071,
            0.0625281267666761,
            0.035426930080714,
            9.756363335208992e-05,
            0.0
        ],
        [
            0.030073236220665975,
            0.001993911173835071,
            0.0625281267666761,
            0.035426930080714,
            9.756363335208992e-05,
            0.0
        ],
        [
            0.030073236220665978,
            0.001993911173835071,
            0.0625281267666761,
            0.035426930080714,
            9.756363335208992e-05,
            0.0
        ],
        [
            0.03007323622066597,
            0.0028628984338346752,
            0.0625281267666761,
            0.035426930080714,
            9.756363335208992e-05,
            0.0
        ],
        [
            0.030073236220665968,
            0.004594171151413223,
            0.0625281267666761,
            0.035426930080714,
            0.0013000453977364038,
            0.0
        ],
        [
            0.030073236220665968,
            0.004594171151413223,
            0.0625281267666761,
            0.035426930080714,
            0.0013000453977364038,
            0.0
        ],
        [
            0.030073236220665968,
            0.004594171151413223,
            0.0625281267666761,
            0.035426930080714,
            0.0013000453977364038,
            0.0
        ]
    ],
    "triaxiality": [
        [
            NaN,
            NaN,
            NaN,
            NaN,
            NaN,
            NaN
        ],
        [
            0.22019505044652976,
            -0.18114840900617665,
            0.3221569733637557,
            -0.1672127020678297,
            -0.25003847081203345,
            -0.09843032384218574
        ],
        [
            NaN,
            -0.12559458637679058,
            NaN,
            -0.017322907927953598,
            -0.2796014322750161,
            -0.0840677618866962
        ],
        [
            NaN,
            -0.054513778333336434,
            NaN,
            0.25777167117106903,
            -0.38073891589056186,
            -0.0780236001050075
        ],
        [
            NaN,
            0.08218147548710437,
            NaN,
            NaN,
            -0.38173402372880383,
            -0.06477903895895452
        ],
        [
            NaN,
            0.15778513705548233,
            NaN,
            NaN,
            -0.3873494108408252,
            -0.08323237135794463
        ],
        [
            NaN,
            -0.044585484704427226,
            NaN,
            NaN,
            -0.4474633974365969,
            -0.06144583170232272
        ],
        [
            NaN,
            0.247931512839266,
            NaN,
            NaN,
            -0.4705092034880173,
            -0.047508819526483385
        ],
        [
            NaN,
            -0.16649085173400605,
            NaN,
            NaN,
            -0.670112058187837,
            -0.05115938780402367
        ],
        [
            NaN,
            -0.046402292562672816,
            NaN,
            NaN,
            -0.7169096932120431,
            -0.04364040694440348
        ],
        [
            NaN,
            0.11939245185105937,
            NaN,
            NaN,
            -0.5957943148449832,
            -0.05882964278745358
        ]
    ],
    "interest_element_ids": [
        81,
        67,
        47,
        53,
        45,
        61
    ]
}