{
    "bin_time": [
        0.0,
        1.292446596230557,
        2.548389811985347,
        3.1313470125752634,
        4.034936082649588,
        5.161642720476321,
        6.096705763620612,
        7.025023530343166,
        8.128486912032628,
        9.23195029372209,
        10.335413675411552,
        11.071055929871193,
        12.174519311560655,
        13.12529763938039,
        14.29121204056022,
        15.215136939271364,
        16.13906183798251,
        17.062986736693656,
        18.910836534115948,
        19.834761432827094,
        20.75868633153824,
        21.682611230249385,
        22.60653612896053,
        23.530461027671677,
        24.454385926382823,
        25.37831082509397,
        26.302235723805115,
        27.22616062251626,
        28.150085521227407,
        29.074010419938553,
        30.538332702251168,
        32.00265498456378,
        33.4669772668764,
        34.93129954918901,
        36.39562183150163,
        37.859944113814244,
        39.32426639612686,
        40.788588678439474,
        42.25291096075209,
        43.717233243064705,
        45.18155552537732,
        46.645877807689935,
        48.11020009000255,
        49.574522372315165,
        51.03884465462778,
        52.503166936940396,
        53.96748921925301,
        55.431811501565626,
        56.89613378387824,
        57.57581197931751,
        58.07581197931751,
        59.143065819116,
        60.119471882332185,
        61.272410030352084,
        62.14485526427439,
        63.210927553328126,
        64.22724207080957,
        65.51968866704013,
        66.77563188279493,
        68.76616773556242,
        70.75670358832991,
        73.91149031073088,
        78.91149031073088,
        83.91149031073088,
        88.91149031073088,
        93.91149031073088,
        98.91149031073088,
        100.0
    ],
    "force": [
        -0.0,
        2051.1473270488505,
        2324.7283890318477,
        2533.3110656595204,
        933.7072463631931,
        2838.5751115078724,
        2948.640605952918,
        2927.1927031340497,
        3106.9904634295494,
        3080.3870860976044,
        2940.178085666394,
        2918.98866497587,
        2860.478799205546,
        2960.215458941868,
        3124.7738523841385,
        3043.12756178154,
        3026.7250963238425,
        3045.9014898715627,
        3001.644675520401,
        3011.3024100503553,
        3004.047750438719,
        2959.9655111534325,
        2937.9065119034326,
        2902.5064916935603,
        2875.849384533611,
        2799.9822487895203,
        2769.6697417763007,
        2728.1844513572923,
        2700.652729793454,
        2985.9156918576973,
        2815.7605998206895,
        2814.6277855335898,
        2810.45703790319,
        2768.6620318275613,
        2723.2048272123143,
        2671.584585839182,
        2647.873639725567,
        2638.4467771964355,
        2531.9053198771194,
        2520.90458856842,
        2498.9618801602915,
        2459.3930203072787,
        2435.229733807322,
        2384.284238701948,
        2327.906134588681,
        2313.4774647920653,
        2248.018811298877,
        2088.887929672964,
        1707.134170154509,
        2442.913072105582,
        2349.923074483976,
        1393.4062753468102,
        678.3324329760621,
        1943.8857706747121,
        1392.1762731268057,
        -2559.0048169643446,
        -447.35745034748027,
        -38.07246696181701,
        165.7830506371499,
        45.07089026377222,
        -5.291424878849554,
        547.6045324015624,
        -29.65896760390276,
        136.3948800331702,
        -65.737218345669,
        209.17501748503201,
        85.46406724866166,
        170.75350065570842
    ],
    "displacement": [
        -0.0,
        2.5848931924611137e-05,
        5.096779623970695e-05,
        6.262694025150527e-05,
        8.069872165299176e-05,
        0.00010323285440952641,
        0.00012193411527241225,
        0.00014050047060686332,
        0.00016256973824065255,
        0.0001846390058744418,
        0.00020670827350823104,
        0.00022142111859742387,
        0.00024349038623121312,
        0.0002625059527876078,
        0.00028582424081120437,
        0.0003043027387854273,
        0.0003227812367596502,
        0.00034125973473387314,
        0.00037821673068231897,
        0.0003966952286565419,
        0.0004151737266307648,
        0.0004336522246049877,
        0.00045213072257921063,
        0.00047060922055343357,
        0.0004890877185276565,
        0.0005075662165018793,
        0.0005260447144761023,
        0.0005445232124503252,
        0.0005630017104245482,
        0.000581480208398771,
        0.0006107666540450234,
        0.0006400530996912757,
        0.000669339545337528,
        0.0006986259909837803,
        0.0007279124366300326,
        0.0007571988822762849,
        0.0007864853279225373,
        0.0008157717735687895,
        0.0008450582192150418,
        0.0008743446648612942,
        0.0009036311105075465,
        0.0009329175561537987,
        0.000962204001800051,
        0.0009914904474463034,
        0.0010207768930925556,
        0.0010500633387388078,
        0.0010793497843850602,
        0.0011086362300313127,
        0.0011379226756775649,
        0.00115151623958635,
        0.0011615162395863501,
        0.00118286131638232,
        0.0012023894376466439,
        0.0012254482006070417,
        0.0012428971052854878,
        0.0012642185510665625,
        0.0012845448414161914,
        0.0013103937733408026,
        0.0013355126376558986,
        0.0013753233547112486,
        0.0014151340717665983,
        0.0014782298062146178,
        0.0015782298062146176,
        0.0016782298062146177,
        0.0017782298062146175,
        0.0018782298062146178,
        0.001978229806214618,
        0.002
    ],
    "d3_time": [
        0.0,
        10.335413675411552,
        20.75868633153824,
        30.538332702251168,
        40.788588678439474,
        51.03884465462778,
        60.757877772835236,
        70.75670358832991,
        83.91149031073088,
        93.91149031073088,
        100.0
    ],
    "effective_plastic_strain": [
        [
            0.0,
            0.0,
            0.0,
            0.0
        ],
        [
            0.04345440254482705,
            0.0,
            0.05300340288727336,
            0.0636853998084272
        ],
        [
            0.10936209278900318,
            0.0,
            0.08159569170778547,
            0.06368539980842722
        ],
        [
            0.175602797201781,
            0.0,
            0.08159569170778547,
            0.06368539980842722
        ],
        [
            0.23816396925806171,
            0.0,
            0.08159569170778547,
            0.06368539980842722
        ],
        [
            0.23816396925806171,
            0.0,
            0.08159569170778547,
            0.06368539980842722
        ],
        [
            0.23816396925806171,
            0.0,
            0.08159569170778547,
            0.06368539980842722
        ],
        [
            0.23816396925806177,
            0.0038280831580565643,
            0.14315674050742724,
            0.06368539980842722
        ],
        [
            0.23816396925806183,
            0.007915022600101336,
            0.15044312901525897,
            0.06368539980842722
        ],
        [
            0.23816396925806188,
            0.015544659249845274,
            0.15044312901525897,
            0.06368539980842722
        ],
        [
            0.23816396925806194,
            0.016975633712972196,
            0.15044312901525897,
            0.06368539980842722
        ]
    ],