{
    "bin_time": [
        0.0,
        1.292446596230557,
        2.548389811985347,
        3.177852517882431,
        4.804946381263955,
        5.802577538748395,
        6.8002086962328345,
        7.797839853717274,
        8.795471011201714,
        9.793102168686154,
        10.790733326170594,
        11.788364483655034,
        12.785995641139474,
        13.783626798623914,
        14.781257956108353,
        15.778889113592793,
        16.776520271077235,
        17.774151428561677,
        18.77178258604612,
        19.76941374353056,
        20.767044901015,
        21.764676058499443,
        22.762307215983885,
        23.759938373468326,
        24.757569530952768,
        25.75520068843721,
        26.75283184592165,
        27.750463003406093,
        28.748094160890535,
        29.745725318374976,
        30.743356475859418,
        31.74098763334386,
        32.7386187908283,
        33.73624994831274,
        34.73388110579718,
        35.73151226328162,
        36.729143420766064,
        37.726774578250506,
        38.72440573573495,
        39.72203689321939,
        40.71966805070383,
        41.71729920818827,
        42.714930365672714,
        43.712561523157156,
        44.7101926806416,
        45.70782383812604,
        46.70545499561048,
        47.70308615309492,
        49.284224983179115,
        50.86536381326331,
        52.4465026433475,
        54.02764147343169,
        55.608780303515886,
        57.18991913360008,
        58.77105796368427,
        61.276994131820636,
        63.782930299957,
        66.28886646809336,
        70.26050764171477,
        75.26050764171477,
        80.26050764171477,
        85.26050764171477,
        90.26050764171477,
        95.26050764171477,
        100.0
    ],
    "force": [
        -0.0,
        2459.847408494796,
        3001.8238501843944,
        3189.8518458389644,
        3435.763876597475,
        3547.1907675299017,
        3676.8598285528246,
        3771.066401601445,
        3803.8438374030493,
        3935.5561357016445,
        3974.3275669588284,
        4055.2600834725604,
        4049.6240229939535,
        4049.0599526128585,
        3968.8262252165127,
        4182.980846753166,
        4115.951502403625,
        4175.287822364108,
        4068.0805605297714,
        3982.0173242281085,
        3900.4445440827217,
        3882.208467176045,
        3874.864400832106,
        3790.555348052638,
        4032.938359581523,
        3783.792498581786,
        3757.6975548839296,
        3995.0734168196523,
        3277.1272663978616,
        3309.146235954378,
        3298.543027215371,
        3402.2276622210507,
        3664.410567352444,
        3538.9642163529206,
        3462.128148620915,
        4069.232572432546,
        3814.7471819451475,
        3681.8589391767214,
        4093.705662066865,
        3839.1913079225405,
        3607.545400513827,
        3549.4608419962915,
        3169.5244059030806,
        3231.34026266775,
        3048.2717946686175,
        2643.8624275203088,
        2199.1163650818844,
        3080.7576936980054,
        3419.509406249611,
        2732.5871696936383,
        1822.9070291343432,
        889.2103326756447,
        735.911528930025,
        129.0595113123795,
        52.735292138970934,
        250.6603211886816,
        73.25828189976235,
        -113.89891446357116,
        -5.907355144643983,
        -1.4208658064091129,
        -0.8806865480136867,
        0.013069902883421136,
        -0.25649169529657634,
        -0.32853266281716387,
        -0.2166672238123155
    ],
    "displacement": [
        -0.0,
        2.5848931924611137e-05,
        5.096779623970695e-05,
        6.355705035764862e-05,
        9.60989276252791e-05,
        0.0001160515507749679,
        0.0001360041739246567,
        0.00015595679707434547,
        0.00017590942022403428,
        0.0001958620433737231,
        0.0002158146665234119,
        0.00023576728967310067,
        0.0002557199128227895,
        0.0002756725359724783,
        0.0002956251591221671,
        0.00031557778227185584,
        0.0003355304054215447,
        0.00035548302857123357,
        0.00037543565172092237,
        0.0003953882748706112,
        0.00041534089802030004,
        0.0004352935211699889,
        0.0004552461443196777,
        0.0004751987674693665,
        0.0004951513906190554,
        0.0005151040137687441,
        0.000535056636918433,
        0.000555009260068122,
        0.0005749618832178108,
        0.0005949145063674996,
        0.0006148671295171884,
        0.0006348197526668772,
        0.000654772375816566,
        0.0006747249989662548,
        0.0006946776221159436,
        0.0007146302452656325,
        0.0007345828684153213,
        0.0007545354915650101,
        0.0007744881147146989,
        0.0007944407378643877,
        0.0008143933610140767,
        0.0008343459841637655,
        0.0008542986073134543,
        0.0008742512304631432,
        0.000894203853612832,
        0.0009141564767625208,
        0.0009341090999122096,
        0.0009540617230618984,
        0.0009856844996635823,
        0.0010173072762652662,
        0.0010489300528669502,
        0.001080552829468634,
        0.0011121756060703176,
        0.0011437983826720016,
        0.0011754211592736854,
        0.0012255398826364128,
        0.00127565860599914,
        0.0013257773293618672,
        0.0014052101528342954,
        0.0015052101528342954,
        0.0016052101528342953,
        0.0017052101528342953,
        0.0018052101528342954,
        0.0019052101528342954,
        0.002
    ],
    "d3_time": [
        0.0,
        10.790733326170594,
        20.767044901015,
        30.743356475859418,
        40.71966805070383,
        50.86536381326331,
        61.276994131820636,
        75.26050764171477,
        85.26050764171477,
        95.26050764171477,
        100.0
    ],