{
    "bin_time": [
        0.0,
        1.292446596230557,
        2.548389811985347,
        4.538925664752834,
        6.52946151752032,
        9.684248239921288,
        12.839034962322255,
        15.993821684723223,
        19.14860840712419,
        22.303395129525157,
        25.458181851926124,
        28.61296857432709,
        31.76775529672806,
        34.922542019129025,
        38.077328741529996,
        41.23211546393097,
        44.38690218633194,
        47.54168890873291,
        50.69647563113388,
        53.85126235353485,
        57.00604907593582,
        60.16083579833679,
        63.31562252073776,
        66.47040924313873,
        69.6251959655397,
        72.77998268794067,
        75.93476941034164,
        79.08955613274262,
        84.08955613274262,
        89.08955613274262,
        94.08955613274262,
        99.08955613274262,
        100.0
    ],
    "force": [
        -0.0,
        1120.6840975098764,
        2181.9042446544317,
        2685.2185030244987,
        2789.6381758388384,
        3171.789506576032,
        3363.3810751377832,
        3437.568740213564,
        3288.720975309549,
        3441.916690739196,
        3257.2682716033455,
        3128.5408425002047,
        2951.8307869678642,
        2639.61031176424,
        2616.3729810151976,
        2202.11478313335,
        2344.782171528377,
        2264.2926792701946,
        2375.1366775731994,
        1925.4401383324275,
        2204.3181350253767,
        2246.193624152044,
        2291.493580142526,
        2121.0522261712063,
        2401.219112195541,
        2361.379127285794,
        1753.8898880481463,
        2023.120382021571,
        2653.03219736538,
        2177.3543226620404,
        1974.1364448528639,
        2056.865170370522,
        2543.9362795878924
    ],
    "displacement": [
        -0.0,
        1.2924465962305568e-05,
        2.5483898119853474e-05,
        4.538925664752834e-05,
        6.52946151752032e-05,
        9.684248239921288e-05,
        0.00012839034962322255,
        0.0001599382168472322,
        0.0001914860840712419,
        0.0002230339512952516,
        0.00025458181851926125,
        0.0002861296857432709,
        0.00031767755296728057,
        0.0003492254201912903,
        0.0003807732874153,
        0.0004123211546393097,
        0.0004438690218633194,
        0.0004754168890873291,
        0.0005069647563113388,
        0.0005385126235353485,
        0.0005700604907593582,
        0.0006016083579833679,
        0.0006331562252073775,
        0.0006647040924313873,
        0.000696251959655397,
        0.0007277998268794067,
        0.0007593476941034164,
        0.0007908955613274262,
        0.0008408955613274262,
        0.0008908955613274262,
        0.0009408955613274261,
        0.0009908955613274263,
        0.001
    ],
    "d3_time": [
        0.0,
        12.839034962322255,
        22.303395129525157,
        31.76775529672806,
        41.23211546393097,
        50.69647563113388,
        63.31562252073776,
        72.77998268794067,
        84.08955613274262,
        94.08955613274262,
        100.0
    ],
    "effective_plastic_strain": [
        [
            0.0,
            0.0,
            0.0,
            0.0,
            0.0,
            0.0
        ],
        [
            0.018418896305597624,
            0.0012026089892819625,
            0.03704706412887562,
            0.011053624568262487,
            0.0,
            0.0
        ],
        [
            0.03354446026636537,
            0.0031630463144545827,
            0.06913378863899122,
            0.021345196651910515,
            0.0008524255604004595,
            0.0
        ],
        [
            0.03354446026636537,
            0.0031630463144545827,
            0.06913378863899122,
            0.03076062120696373,
            0.0008524255604004595,
            0.0
        ],
        [
            0.03354446026636537,
            0.0031630463144545827,
            0.06913378863899122,
            0.038857310725464694,
            0.0008524255604004595,
            0.0
        ],
        [
            0.03354446026636537,
            0.0031630463144545827,
            0.06913378863899122,
            0.038857310725464694,
            0.0008524255604004595,
            0.0
        ],
        [
            0.03354446026636537,
            0.0031630463144545827,
            0.06913378863899122,
            0.038857310725464694,
            0.0008524255604004595,
            0.0
        ],
        [
            0.03354446026636537,
            0.0031630463144545827,
            0.06913378863899122,
            0.038857310725464694,
            0.0008524255604004595,
            0.0
        ],
        [
            0.03354446026636537,
            0.006767030364599985,
            0.06913378863899122,
            0.038857310725464694,
            0.0020100385256434116,
            0.0
        ],
        [
            0.03354446026636537,
            0.0068390365506501224,
            0.06913378863899122,
            0.038857310725464694,
            0.0020100385256434116,
            0.0
        ],
        [
            0.03354446026636537,
            0.0068390365506501224,
            0.06913378863899122,
            0.038857310725464694,
            0.0020100385256434116,
            0.0
        ]
    ],
    "triaxiality": [
        [
            NaN,
            NaN,
            NaN,
            NaN,
            NaN,
            NaN
        ],
        [
            0.2826094675983199,
            -0.17354532707559037,
            0.3553681037504622,
            -0.14229230335967055,
            -0.2399791496496379,
            -0.09834202438497375
        ],
        [
            NaN,
            -0.09587150738332918,
            NaN,
            0.04758460736361892,
            -0.32158393689376746,
            -0.08765180991240142
        ],
        [
            NaN,
            -0.01796366398031176,
            NaN,
            0.265375962425627,
            -0.4722927362413681,
            -0.0810626482275574
        ],
        [
            NaN,
            0.30542541114794874,
            NaN,
            NaN,
            -0.4706782449696652,
            -0.07328872652977704
        ],
        [
            NaN,
            0.2049693759454649,
            NaN,
            NaN,
            -0.42783735392082334,
            -0.08805515008377794
        ],
        [
            NaN,
            0.14294131778441585,
            NaN,
            NaN,
            -0.43303872969163876,
            -0.08553992912711826
        ],
        [
            NaN,
            0.06164276573049988,
            NaN,
            NaN,
            -0.4809138259455082,
            -0.07768611173715763
        ],
        [
            NaN,
            0.08531227410174104,
            NaN,
            NaN,
            -0.5019833233066957,
            -0.07249551335581109
        ],
        [
            NaN,
            -0.28201597999915295,
            NaN,
            NaN,
            -0.5761590591559359,
            -0.05343252078674618
        ],
        [
            NaN,
            -0.03588984386718146,
            NaN,
            NaN,
            -0.485881625140853,
            -0.06722368265183988
        ]
    ],
    "interest_element_ids": [
        81,
        67,
        47,
        53,
        45,
        61
    ]
}