{
    "bin_time": [
        0.0,
        1.292446596230557,
        2.548389811985347,
        3.4723147106964936,
        4.669273708571925,
        5.40317334238296,
        6.566325875959773,
        8.409798408219562,
        11.33150547508715,
        14.253212541954738,
        17.17491960882233,
        20.09662667568992,
        23.01833374255751,
        25.9400408094251,
        28.86174787629269,
        31.78345494316028,
        34.70516201002787,
        37.62686907689546,
        40.54857614376305,
        43.47028321063064,
        46.39199027749823,
        49.31369734436582,
        52.23540441123341,
        55.157111478101,
        58.07881854496859,
        61.00052561183618,
        63.92223267870377,
        66.84393974557136,
        69.76564681243894,
        72.68735387930653,
        75.60906094617411,
        78.5307680130417,
        81.45247507990928,
        84.37418214677686,
        87.29588921364444,
        90.21759628051203,
        93.13930334737961,
        96.06101041424719,
        98.98271748111478,
        100.0
    ],
    "force": [
        -0.0,
        1275.786494770215,
        2453.3236123082547,
        2654.3554389757846,
        2918.2420595298795,
        3048.2149949452246,
        3243.4421008614563,
        3442.875352682321,
        3720.2035863413253,
        3792.3583166428193,
        3697.215104716187,
        3915.7414039036116,
        4000.1820184848507,
        4058.872200863252,
        4022.9889434639026,
        4195.900123749307,
        4159.968141302063,
        4148.326715773585,
        4182.163037856059,
        4262.818700984463,
        4054.7759948591683,
        4201.376544740237,
        4205.968899042484,
        4297.271896915004,
        4145.854809379837,
        4208.638381556505,
        3852.0875029557515,
        4233.516956885931,
        4240.2541036365465,
        3833.8025334055446,
        4491.010596763698,
        4460.677612389847,
        4549.446409297005,
        4357.59145760945,
        3389.673233804794,
        4366.876683262903,
        4285.712868084051,
        4166.655549740339,
        3558.7927534829473,
        3729.358656613652
    ],
    "displacement": [
        -0.0,
        1.2924465962305568e-05,
        2.5483898119853474e-05,
        3.4723147106964935e-05,
        4.669273708571925e-05,
        5.40317334238296e-05,
        6.566325875959773e-05,
        8.409798408219562e-05,
        0.0001133150547508715,
        0.00014253212541954737,
        0.00017174919608822328,
        0.0002009662667568992,
        0.0002301833374255751,
        0.00025940040809425095,
        0.0002886174787629269,
        0.0003178345494316028,
        0.0003470516201002787,
        0.0003762686907689546,
        0.0004054857614376305,
        0.0004347028321063064,
        0.0004639199027749823,
        0.0004931369734436582,
        0.0005223540441123342,
        0.00055157111478101,
        0.0005807881854496859,
        0.0006100052561183618,
        0.0006392223267870377,
        0.0006684393974557136,
        0.0006976564681243895,
        0.0007268735387930652,
        0.0007560906094617411,
        0.000785307680130417,
        0.0008145247507990929,
        0.0008437418214677685,
        0.0008729588921364444,
        0.0009021759628051203,
        0.0009313930334737961,
        0.000960610104142472,
        0.0009898271748111477,
        0.001
    ],
    "d3_time": [
        0.0,
        11.33150547508715,
        23.01833374255751,
        31.78345494316028,
        40.54857614376305,
        52.23540441123341,
        61.00052561183618,
        72.68735387930653,
        81.45247507990928,
        93.13930334737961,
        100.0
    ],
    "effective_plastic_strain": [
        [
            0.0,
            0.0,
            0.0,
            0.0,
            0.0,
            0.0
        ],
        [
            0.012374129531617402,
            0.0,
            0.05207404239779358,
            0.015974295874428827,
            0.0,
            0.0
        ],
        [
            0.04202888312722222,
            0.0008502236795823198,
            0.05207404239779356,
            0.015974295874428827,
            0.000983263333361068,
            0.0
        ],
        [
            0.07000810589097968,
            0.0025433137891630346,
            0.05207404239779357,
            0.015974295874428827,
            0.0029463560671403274,
            0.0
        ],
        [
            0.07901454198765696,
            0.003097501098664576,
            0.05207404239779358,
            0.015974295874428827,
            0.005061058790746129,
            0.0
        ],
        [
            0.07901454198765696,
            0.005837048156096978,
            0.05207404239779356,
            0.015974295874428827,
            0.008395721426757976,
            0.0
        ],
        [
            0.07901454198765698,
            0.006398068874574827,
            0.05207404239779358,
            0.015974295874428827,
            0.010287752349839476,
            0.0
        ],
        [
            0.07901454198765698,
            0.006924405452329821,
            0.05207404239779358,
            0.015974295874428827,
            0.012923420571402364,
            0.0
        ],
        [
            0.07901454198765698,
            0.00850692416726456,
            0.05207404239779357,
            0.015974295874428827,
            0.01930116618458795,
            0.0
        ],
        [
            0.07901454198765698,
            0.01050485040354621,
            0.052074042397793584,
            0.015974295874428827,
            0.0230743345982162,
            0.0
        ],
        [
            0.07901454198765698,
            0.011131111654580828,
            0.05207404239779359,
            0.015974295874428827,
            0.027049733388781083,
            0.0
        ]
    ],
    "triaxiality": [
        [
            -Infinity,
            NaN,
            NaN,
            NaN,
            NaN,
            NaN
        ],
        [
            -0.07359381693611299,
            -0.15061574039692474,
            0.8209639772922817,
            0.7263320577986687,
            -0.14667922872755407,
            -0.0868100066311596
        ],
        [
            0.13240214462652178,
            -0.19823832540538486,
            NaN,
            NaN,
            -0.2230271448175384,
            -0.09151335626927423
        ],
        [
            0.36226735566767493,
            -0.29664996469752164,
            NaN,
            NaN,
            -0.3307497638731804,
            -0.08600633148932889
        ],
        [
            NaN,
            -0.3524773092399846,
            NaN,
            NaN,
            -0.3785871072884436,
            -0.09225046625164444
        ],
        [
            NaN,
            -0.44896715402396786,
            NaN,
            NaN,
            -0.4717829150534393,
            -0.08876464243953183
        ],
        [
            NaN,
            -0.5470066722577318,
            NaN,
            NaN,
            -0.5216577941187044,
            -0.08855836868325774
        ],
        [
            NaN,
            -0.5139985167598712,
            NaN,
            NaN,
            -0.5096515832912344,
            -0.07138739832599675
        ],
        [
            NaN,
            -0.6499827712130478,
            NaN,
            NaN,
            -0.5972401445475,
            -0.06645002890191537
        ],
        [
            NaN,
            -0.5207630405189271,
            NaN,
            NaN,
            -0.5967536259606929,
            -0.05723995399671262
        ],
        [
            NaN,
            -0.45661486917357064,
            NaN,
            NaN,
            -0.6153035398529436,
            -0.07062334218020841
        ]
    ],
    "interest_element_ids": [
        81,
        67,
        47,
        53,
        45,
        61
    ]
}