{
    "bin_time": [
        0.0,
        2.5,
        6.462232981152784,
        10.424465962305568,
        14.386698943458352,
        18.348931924611136,
        22.31116490576392,
        26.273397886916705,
        30.23563086806949,
        34.19786384922227,
        38.16009683037505,
        42.122329811527834,
        46.084562792680615,
        50.046795773833395,
        54.009028754986176,
        57.971261736138956,
        61.93349471729174,
        65.89572769844452,
        69.8579606795973,
        73.82019366075008,
        77.78242664190286,
        81.74465962305564,
        85.70689260420842,
        89.6691255853612,
        93.63135856651398,
        97.59359154766676,
        100.0
    ],
    "force": [
        -0.0,
        983.1578672234391,
        1999.7598938690712,
        1589.3242934836483,
        244.3617850097016,
        66.0059238179601,
        41.189220639253385,
        28.98493725529251,
        24.09213434925664,
        59.34466295405831,
        68.60341441459965,
        85.79314961285078,
        68.79861420894711,
        62.94088867204902,
        61.74724699762331,
        59.38183317546772,
        60.12572876173559,
        58.71128679578967,
        48.4222633555425,
        53.85026338555472,
        47.8880184278687,
        47.02271702335444,
        38.46619999771037,
        49.6225791995784,
        47.083118445696904,
        45.42003693217446,
        38.35506439685823
    ],
    "displacement": [
        -0.0,
        -0.0,
        -0.0,
        -0.0,
        -0.0,
        -0.0,
        -0.0,
        -0.0,
        -0.0,
        -0.0,
        -0.0,
        -0.0,
        -0.0,
        -0.0,
        -0.0,
        -0.0,
        -0.0,
        -0.0,
        -0.0,
        -0.0,
        -0.0,
        -0.0,
        -0.0,
        -0.0,
        -0.0,
        -0.0,
        -0.0
    ],
    "d3_time": [
        0.0,
        10.424465962305568,
        22.31116490576392,
        34.19786384922227,
        42.122329811527834,
        54.009028754986176,
        61.93349471729174,
        73.82019366075008,
        81.74465962305564,
        93.63135856651398,
        100.0
    ],
    "effective_plastic_strain": [
        [
            0.0,
            0.0,
            0.0,
            0.0,
            0.0,
            0.0
        ],
        [
            0.023755818116093452,
            0.004488121139812497,
            0.0201380979009716,
            0.019888015600230766,
            0.0,
            0.00010197066534369416
        ],
        [
            0.023755818116093452,
            0.013512073164694705,
            0.020138097900971597,
            0.039949632841361674,
            0.0,
            0.00010197066534369416
        ],
        [
            0.023755818116093445,
            0.016507576229996553,
            0.020138097900971597,
            0.039949632841361674,
            0.0,
            0.00010197066534369416
        ],
        [
            0.023755818116093442,
            0.016507576229996553,
            0.020138097900971597,
            0.039949632841361674,
            0.0,
            0.00010197066534369416
        ],
        [
            0.02375581811609344,
            0.016507576229996553,
            0.020138097900971597,
            0.039949632841361674,
            0.0,
            0.00010197066534369416
        ],
        [
            0.023755818116093442,
            0.016507576229996553,
            0.020138097900971597,
            0.039949632841361674,
            0.0,
            0.00010197066534369416
        ],
        [
            0.023755818116093442,
            0.016507576229996553,
            0.020138097900971597,
            0.039949632841361674,
            0.0,
            0.00010197066534369416
        ],
        [
            0.023755818116093442,
            0.016507576229996553,
            0.020138097900971597,
            0.039949632841361674,
            0.0,
            0.00010197066534369416
        ],
        [
            0.023755818116093445,
            0.016507576229996553,
            0.020138097900971597,
            0.039949632841361674,
            0.0,
            0.00010197066534369416
        ],
        [
            0.023755818116093445,
            0.016507576229996553,
            0.020138097900971597,
            0.039949632841361674,
            0.0,
            0.00010197066534369416
        ]
    ],
    "triaxiality": [
        [
            NaN,
            NaN,
            NaN,
            -Infinity,
            NaN,
            NaN
        ],
        [
            0.7137957777009142,
            -0.22733266069218377,
            0.7511806200882791,
            -0.05558108318588715,
            0.23356009889724347,
            0.06533303967458685
        ],
        [
            NaN,
            -0.7602796324250944,
            NaN,
            NaN,
            -0.154699412516364,
            -0.16517123924139474
        ],
        [
            NaN,
            -0.24884050176020772,
            NaN,
            NaN,
            -0.07335362132885803,
            -0.3675511077367874
        ],
        [
            NaN,
            -0.31671986867895174,
            NaN,
            NaN,
            -0.0573681306374923,
            -0.2968082938857603
        ],
        [
            NaN,
            -0.5105746521129314,
            NaN,
            NaN,
            -0.08576652500884059,
            -0.23974028741991527
        ],
        [
            NaN,
            -1.1098679292699039,
            NaN,
            NaN,
            -0.10617192730230564,
            -0.2076514644980705
        ],
        [
            NaN,
            -1.1704921415945841,
            NaN,
            NaN,
            -0.12251074112832432,
            -0.2365838395156269
        ],
        [
            NaN,
            -1.1702884761877157,
            NaN,
            NaN,
            -0.18199597282499605,
            -0.25754269586170947
        ],
        [
            NaN,
            -1.598935387150632,
            NaN,
            NaN,
            -0.17282893194697846,
            -0.24254393760900889
        ],
        [
            NaN,
            -1.3204062605188382,
            NaN,
            NaN,
            -0.24796570905766913,
            -0.2561191299656826
        ]
    ],
    "interest_element_ids": [
        81,
        67,
        47,
        53,
        45,
        61
    ]
}