{
    "bin_time": [
        0.0,
        1.292446596230557,
        2.548389811985347,
        3.177852517882431,
        4.299202807306723,
        5.325829630565948,
        6.270771008703129,
        7.401728353183323,
        8.401728353183323,
        9.15232196999696,
        10.301266937800012,
        11.095595172524295,
        12.124659687557987,
        13.124659687557987,
        14.417106283788543,
        15.2095528800191,
        16.001999476249658,
        17.586892668710775,
        18.379339264941333,
        19.17178586117189,
        20.756679053633007,
        21.549125649863566,
        22.341572246094124,
        23.134018842324682,
        24.389962058079472,
        25.645905273834263,
        26.901848489589053,
        28.157791705343843,
        29.413734921098634,
        30.669678136853424,
        31.925621352608214,
        33.18156456836301,
        34.4375077841178,
        35.69345099987259,
        36.94939421562738,
        38.20533743138217,
        39.46128064713696,
        40.71722386289175,
        41.97316707864654,
        43.22911029440133,
        44.48505351015612,
        45.74099672591091,
        46.9969399416657,
        48.98747579443319,
        50.978011647200674,
        52.96854749996816,
        54.95908335273565,
        58.11387007513662,
        63.11387007513662,
        68.11387007513662,
        73.11387007513662,
        78.11387007513662,
        83.11387007513662,
        88.11387007513662,
        93.11387007513662,
        98.11387007513662,
        100.0
    ],
    "force": [
        -0.0,
        2327.3466974459775,
        2735.2290613708037,
        3057.949916127793,
        3202.644196874456,
        3429.7240046110123,
        3529.6326088363535,
        3295.572077084193,
        3451.120860620751,
        2590.2354479410415,
        3381.9361854027397,
        4192.6579180130575,
        3545.7689168368715,
        3407.6016351088624,
        3713.3784613017797,
        3742.5589842096947,
        3754.961997933148,
        3652.6656441438945,
        3388.3092857068855,
        3533.2309805583036,
        2808.9448160459237,
        2835.484799118256,
        2330.2564885950883,
        3130.2046719111445,
        3089.621830664985,
        2878.2974583353466,
        3075.7075186236934,
        3182.4833162608766,
        3342.7771525131593,
        3326.0607595976153,
        2945.287478548474,
        2865.949219964581,
        2673.329350521284,
        2666.2027749729673,
        2446.599682376037,
        2360.7926699951445,
        2253.72079977076,
        2288.9963465108385,
        1621.1201916722755,
        1904.145000515504,
        1359.726533445221,
        1037.8019044735454,
        1543.5973247348325,
        917.8284386609164,
        747.7025289461001,
        535.6686700398119,
        -191.79333257263335,
        -56.94088113366393,
        180.3416305129553,
        199.75724139361978,
        97.4422426630526,
        61.38341851453693,
        41.554389952003135,
        28.134489122788157,
        22.32384519073845,
        16.896992487722365,
        13.932743938128393
    ],
    "displacement": [
        -0.0,
        2.5848931924611137e-05,
        5.096779623970695e-05,
        6.355705035764862e-05,
        8.598405614613446e-05,
        0.00010651659261131895,
        0.00012541542017406257,
        0.00014803456706366646,
        0.00016803456706366646,
        0.0001830464393999392,
        0.00020602533875600025,
        0.0002219119034504859,
        0.00024249319375115974,
        0.00026249319375115974,
        0.00028834212567577087,
        0.000304191057600382,
        0.0003200399895249932,
        0.0003517378533742155,
        0.00036758678529882666,
        0.0003834357172234378,
        0.00041513358107266013,
        0.0004309825129972713,
        0.0004468314449218825,
        0.00046268037684649366,
        0.0004877992411615895,
        0.0005129181054766852,
        0.000538036969791781,
        0.0005631558341068769,
        0.0005882746984219727,
        0.0006133935627370685,
        0.0006385124270521643,
        0.0006636312913672602,
        0.000688750155682356,
        0.0007138690199974518,
        0.0007389878843125476,
        0.0007641067486276433,
        0.0007892256129427392,
        0.000814344477257835,
        0.0008394633415729308,
        0.0008645822058880266,
        0.0008897010702031224,
        0.0009148199345182182,
        0.000939938798833314,
        0.0009797495158886638,
        0.0010195602329440136,
        0.001059370949999363,
        0.001099181667054713,
        0.0011622774015027325,
        0.0012622774015027323,
        0.0013622774015027324,
        0.0014622774015027324,
        0.0015622774015027323,
        0.0016622774015027325,
        0.0017622774015027323,
        0.0018622774015027324,
        0.0019622774015027327,
        0.002
    ],
    "d3_time": [
        0.0,
        10.301266937800012,
        20.756679053633007,
        30.669678136853424,
        40.71722386289175,
        50.978011647200674,
        63.11387007513662,
        73.11387007513662,
        83.11387007513662,
        93.11387007513662,
        100.0
    ],
    "effective_plastic_strain": [
        [
            0.0,
            0.0,
            0.0,
            0.0,
            0.0,
            0.0
        ],
        [
            0.02241092177797283,
            0.0005134361047250592,
            0.01960037188720285,
            0.0024410035146721085,
            9.390978254736264e-05,
            0.0
        ],
        [
            0.06537521514912195,
            0.0016549147142567238,
            0.019600371887202858,
            0.0024410035146721085,
            0.0019779089664157374,
            0.0
        ],
        [
            0.0716270613257892,
            0.0018658528358568237,
            0.019600371887202855,
            0.0024410035146721085,
            0.002986950807500168,
            0.0
        ],
        [
            0.09478341270905821,
            0.0018658528358568237,
            0.019600371887202858,
            0.0024410035146721085,
            0.0034239192833037386,
            0.0
        ],
        [
            0.15366258220562298,
            0.0018658528358568237,
            0.019600371887202858,
            0.0024410035146721085,
            0.0034239192833037386,
            0.0
        ],
        [
            0.17583752054073853,
            0.0018658528358568237,
            0.019600371887202858,
            0.0024410035146721102,
            0.0034239192833037386,
            0.0
        ],
        [
            0.17583752054073853,
            0.0018658528358568237,
            0.019600371887202858,
            0.0024410035146721102,
            0.0034239192833037386,
            0.0
        ],
        [
            0.17583752054073853,
            0.0018658528358568237,
            0.019600371887202858,
            0.0024410035146721102,
            0.0034239192833037386,
            0.0
        ],
        [
            0.17583752054073853,
            0.0018658528358568237,
            0.019600371887202858,
            0.0024410035146721102,
            0.0034239192833037386,
            0.0
        ],
        [
            0.17583752054073853,
            0.0018658528358568237,
            0.019600371887202858,
            0.0024410035146721102,
            0.0034239192833037386,
            0.0
        ]
    ],