{
    "bin_time": [
        0.0,
        2.5,
        6.462232981152784,
        9.377018984102364,
        10.837872517536159,
        14.614022871291938,
        16.929319691613923,
        19.244616511935906,
        21.55991333225789,
        23.87521015257987,
        26.190506972901854,
        28.505803793223837,
        30.82110061354582,
        33.136397433867806,
        35.45169425418979,
        37.76699107451177,
        40.082287894833755,
        44.71288153547772,
        47.0281783557997,
        49.343475176121686,
        51.65877199644367,
        53.97406881676565,
        56.289365637087634,
        58.60466245740962,
        60.9199592777316,
        63.23525609805358,
        65.55055291837557,
        67.86584973869756,
        70.18114655901955,
        74.81174019966353,
        77.12703701998552,
        79.44233384030751,
        81.7576306606295,
        84.07292748095149,
        86.38822430127348,
        88.70352112159547,
        91.01881794191746,
        93.33411476223945,
        95.64941158256144,
        97.96470840288343,
        100.0
    ],
    "force": [
        -0.0,
        1796.873885006592,
        4536.483755236412,
        5197.412089061798,
        5346.349088268475,
        5977.7365567525985,
        6344.921034945818,
        6649.440120436031,
        6893.983314569737,
        7059.900153532486,
        7170.326208136759,
        7281.001107193275,
        7368.589769245863,
        7488.9893634794735,
        7536.72620863883,
        7622.624570101917,
        7670.233669387768,
        7728.7601407135135,
        7772.449773058682,
        7845.713265562454,
        7888.673928663066,
        7923.082509566028,
        7978.758684201319,
        7953.342801066383,
        7846.038506481606,
        7602.527322629154,
        7432.335362880135,
        7111.033499731101,
        7022.223310996054,
        6772.664028255904,
        6783.249445910676,
        6657.158947715135,
        6773.348441800701,
        6518.953148530878,
        6285.201419669638,
        6233.547994656085,
        6186.334053095592,
        6183.493318536873,
        6043.611222662476,
        6093.460013990142,
        5956.639358964321
    ],
    "displacement": [
        -0.0,
        1.25e-05,
        3.2311164905763926e-05,
        4.688509492051182e-05,
        5.41893625876808e-05,
        7.30701143564597e-05,
        8.464659845806962e-05,
        9.622308255967954e-05,
        0.00010779956666128945,
        0.00011937605076289937,
        0.00013095253486450928,
        0.0001425290189661192,
        0.0001541055030677291,
        0.00016568198716933905,
        0.00017725847127094896,
        0.00018883495537255887,
        0.00020041143947416878,
        0.0002235644076773886,
        0.00023514089177899852,
        0.00024671737588060846,
        0.00025829385998221835,
        0.0002698703440838283,
        0.00028144682818543817,
        0.0002930233122870481,
        0.000304599796388658,
        0.00031617628049026794,
        0.0003277527645918779,
        0.0003393292486934878,
        0.0003509057327950978,
        0.0003740587009983177,
        0.00038563518509992763,
        0.00039721166920153757,
        0.00040878815330314756,
        0.0004203646374047575,
        0.00043194112150636744,
        0.0004435176056079774,
        0.0004550940897095873,
        0.0004666705738111973,
        0.00047824705791280726,
        0.0004898235420144172,
        0.0005
    ],
    "d3_time": [
        0.0,
        10.837872517536159,
        21.55991333225789,
        30.82110061354582,
        42.39758471515574,
        51.65877199644367,
        60.9199592777316,
        72.49644337934154,
        81.7576306606295,
        91.01881794191746,
        100.0
    ],
    "effective_plastic_strain": [
        [
            0.0,
            0.0,
            0.0,
            0.0,
            0.0,
            0.0
        ],
        [
            0.013282307643978565,
            0.015225948996908772,
            0.01509340136186012,
            0.012821415661935896,
            0.011846231427061158,
            0.01540852983341151
        ],
        [
            0.04162386841108818,
            0.045931639301400325,
            0.04569849723325827,
            0.04461140796838739,
            0.040140597527002046,
            0.044703368564649446
        ],
        [
            0.06775610325053574,
            0.07154825642721577,
            0.07175726860000234,
            0.07525928895131685,
            0.06607163758781162,
            0.07217250337939625
        ],
        [
            0.10323498087191023,
            0.10732035307449661,
            0.10794683155301227,
            0.10523579410986342,
            0.1004113880467404,
            0.10763709493857952
        ],
        [
            0.1325826779830596,
            0.1359288658324655,
            0.1369126805840935,
            0.10523579410986342,
            0.12651938733414375,
            0.1362960377070591
        ],
        [
            0.16320784011024872,
            0.16508616494891507,
            0.16681759746030297,
            0.10523579410986342,
            0.1554273925023856,
            0.16625388622096243
        ],
        [
            0.18135624976233594,
            0.18397660028752894,
            0.19576675991867162,
            0.10523579410986342,
            0.18000270298029586,
            0.20727874969434518
        ],
        [
            0.18135624976233594,
            0.18397660028752894,
            0.19576675991867162,
            0.10523579410986342,
            0.18000270298029586,
            0.22940144825329667
        ],
        [
            0.18135624976233594,
            0.18397660028752894,
            0.19576675991867162,
            0.10523579410986342,
            0.18000270298029586,
            0.22940144825329667
        ],
        [
            0.18135624976233594,
            0.18397660028752894,
            0.19576675991867162,
            0.10523579410986342,
            0.18000270298029586,
            0.22940144825329667
        ]
    ],