{
    "bin_time": [
        0.0,
        1.292446596230557,
        2.262464072072468,
        4.019359612527673,
        5.096576957543615,
        6.173794302559557,
        7.251011647575499,
        8.328228992591441,
        9.405446337607383,
        10.482663682623325,
        11.559881027639268,
        12.63709837265521,
        13.714315717671152,
        14.791533062687094,
        15.868750407703036,
        16.94596775271898,
        18.02318509773492,
        19.100402442750863,
        20.177619787766805,
        21.254837132782747,
        22.33205447779869,
        23.40927182281463,
        24.486489167830573,
        25.563706512846515,
        26.640923857862457,
        27.7181412028784,
        28.79535854789434,
        29.872575892910284,
        30.949793237926226,
        32.02701058294217,
        33.10422792795811,
        34.181445272974045,
        35.258662617989984,
        36.33587996300592,
        37.41309730802186,
        38.4903146530378,
        39.56753199805374,
        40.64474934306968,
        41.721966688085615,
        42.799184033101554,
        43.87640137811749,
        44.95361872313343,
        46.03083606814937,
        47.10805341316531,
        48.18527075818125,
        49.262488103197185,
        50.339705448213124,
        51.41692279322906,
        53.12419723014587,
        54.83147166706267,
        55.002199110754354
    ],
    "force": [
        -0.0,
        2496.9301637235426,
        2861.24195812375,
        3441.479669447298,
        3472.907801844329,
        3638.5653103086747,
        3834.865929352507,
        3794.9696390166973,
        3867.5774718790367,
        3856.5250308928785,
        3961.7754171404276,
        3897.517018993749,
        3986.329450615076,
        3922.1265814885373,
        3987.8446668660995,
        4104.44345660114,
        3950.2712943188926,
        4056.038395990653,
        3917.4613235559395,
        3979.8005301051558,
        3822.353572168302,
        3732.0024509241052,
        3574.861804869107,
        3374.7813119020493,
        3736.901477659253,
        3382.4733115763584,
        3559.853158660877,
        3684.7457892799425,
        3487.657811475313,
        3885.2436947274073,
        3816.5507490589725,
        3778.142472433206,
        4067.766108929301,
        3863.081097544476,
        4093.1433744731985,
        3864.6575244597943,
        4103.741917402832,
        4420.623488898565,
        4267.02524520502,
        4080.8296690571415,
        3985.875770929874,
        3869.015073324825,
        3778.076688567422,
        3482.0834999806752,
        3052.267165593307,
        2698.3465535583337,
        1934.988596226449,
        1985.0547797549318,
        1673.2724378470946,
        217.83273962930696,
        -1900.5872854787062
    ],
    "displacement": [
        -0.0,
        2.5848931924611137e-05,
        4.524928144144936e-05,
        8.038719225055345e-05,
        0.0001019315391508723,
        0.00012347588605119114,
        0.00014502023295151,
        0.0001665645798518288,
        0.00018810892675214766,
        0.0002096532736524665,
        0.00023119762055278536,
        0.0002527419674531042,
        0.00027428631435342306,
        0.0002958306612537419,
        0.0003173750081540607,
        0.0003389193550543796,
        0.0003604637019546984,
        0.0003820080488550173,
        0.0004035523957553361,
        0.00042509674265565493,
        0.00044664108955597376,
        0.00046818543645629263,
        0.0004897297833566114,
        0.0005112741302569304,
        0.0005328184771572492,
        0.000554362824057568,
        0.0005759071709578868,
        0.0005974515178582057,
        0.0006189958647585246,
        0.0006405402116588433,
        0.0006620845585591622,
        0.0006836289054594809,
        0.0007051732523597996,
        0.0007267175992601185,
        0.0007482619461604372,
        0.000769806293060756,
        0.0007913506399610748,
        0.0008128949868613935,
        0.0008344393337617124,
        0.0008559836806620311,
        0.0008775280275623498,
        0.0008990723744626687,
        0.0009206167213629874,
        0.0009421610682633062,
        0.000963705415163625,
        0.0009852497620639437,
        0.0010067941089642624,
        0.0010283384558645813,
        0.0010624839446029173,
        0.0010966294333412535,
        0.0011000439822150872
    ],
    "d3_time": [
        0.0,
        10.482663682623325,
        21.254837132782747,
        30.949793237926226,
        40.64474934306968,
        51.41692279322906,
        55.10673959137191
    ],
    "effective_plastic_strain": [
        [
            0.0,
            0.0,
            0.0,
            0.0,
            0.0,
            0.0
        ],
        [
            0.03315485284469655,
            0.0005462044925155561,
            0.04391314347322216,
            0.001700551539638018,
            0.000665435531877075,
            0.0
        ],
        [
            0.08827270950615054,
            0.0029254569021707226,
            0.04391314347322216,
            0.0017005515396380172,
            0.005051421012803664,
            0.0
        ],
        [
            0.08827270950615054,
            0.00327174879686672,
            0.04391314347322216,
            0.0017005515396380168,
            0.006817940256081603,
            0.0
        ],
        [
            0.08827270950615054,
            0.005589238111838783,
            0.04391314347322216,
            0.0017005515396380168,
            0.013755879495990934,
            0.0
        ],
        [
            0.08827270950615054,
            0.006349771674974535,
            0.043913143473222144,
            0.0017005515396380168,
            0.016952347711608695,
            0.0
        ],
        [
            0.11710629951254051,
            0.006349771674974535,
            0.043913143473222144,
            0.0017005515396380146,
            0.016952347711608695,
            0.0
        ]
    ],
    "triaxiality": [
        [
            -Infinity,
            NaN,
            NaN,
            NaN,
            NaN,
            NaN
        ],
        [
            -0.0187073987998397,
            -0.23033490427267683,
            NaN,
            NaN,
            -0.21552370452393133,
            -0.08550756834116303
        ],
        [
            0.5694469310241984,
            -0.380014373066934,
            NaN,
            NaN,
            -0.42183400364213564,
            -0.09279333793181
        ],
        [
            NaN,
            -0.5235376719455664,
            NaN,
            NaN,
            -0.49657791467235757,
            -0.08188319934746163
        ],
        [
            NaN,
            -0.5864641960629804,
            NaN,
            NaN,
            -0.4817321164155575,
            -0.05346052084012194
        ],
        [
            -Infinity,
            -0.6808270928386649,
            NaN,
            NaN,
            -0.6451361895041731,
            -0.028446432685452935
        ],
        [
            NaN,
            0.08396698536687819,
            NaN,
            -Infinity,
            -0.3926383367698841,
            -0.012584466426216709
        ]
    ],
    "interest_element_ids": [
        81,
        67,
        47,
        53,
        45,
        61
    ]
}