{
    "bin_time": [
        0.0,
        2.5,
        5.153017409589774
    ],
    "force": [
        -0.0,
        1060.5989331738024,
        1860.7627730452944
    ],
    "displacement": [
        -0.0,
        1.25e-05,
        2.576508704794887e-05
    ],
    "d3_time": [
        0.0,
        7.188390075787554
    ],
    "effective_plastic_strain": [
        [
            0.0,
            0.0,
            0.0,
            0.0,
            0.0,
            0.0
        ],
        [
            0.03957867096690425,
            0.05255370538667254,
            0.019430414348305752,
            0.028166896591675216,
            0.008786295071973092,
            0.028152741595106556
        ]
    ],
    "triaxiality": [
        [
            NaN,
            NaN,
            NaN,
            NaN,
            NaN,
            NaN
        ],
        [
            NaN,
            -0.13874295360459665,
            -0.16525236347229727,
            0.5759525391513839,
            0.06396002112688884,
            -0.2813484985067196
        ]
    ],
    "interest_element_ids": [
        81,
        67,
        47,
        53,
        45,
        61
    ]
}