{
    "bin_time": [
        0.0,
        1.292446596230557,
        2.548389811985347,
        3.8043330277401375,
        5.060276243494927,
        6.316219459249718,
        7.572162675004508,
        8.828105890759298,
        10.084049106514088,
        11.339992322268879,
        12.595935538023669,
        13.85187875377846,
        15.10782196953325,
        16.363765185288038,
        17.61970840104283,
        18.87565161679762,
        20.13159483255241,
        21.3875380483072,
        22.64348126406199,
        23.89942447981678,
        25.15536769557157,
        26.41131091132636,
        27.66725412708115,
        28.92319734283594,
        30.17914055859073,
        31.43508377434552,
        33.42561962711301,
        35.416155479880494,
        37.40669133264798,
        39.39722718541547,
        41.38776303818295,
        43.37829889095044,
        45.368834743717926,
        47.35937059648541,
        49.3499064492529,
        51.340442302020385,
        53.33097815478787,
        55.32151400755536,
        57.312049860322844,
        59.30258571309033,
        61.29312156585782,
        63.2836574186253,
        65.27419327139279,
        68.42897999379376,
        71.58376671619473,
        74.7385534385957,
        77.89334016099667,
        81.04812688339764,
        84.20291360579861,
        87.35770032819958,
        90.51248705060055,
        95.51248705060055,
        100.0
    ],
    "force": [
        -0.0,
        2191.8338532830694,
        2548.399150396065,
        2913.5800182375388,
        3139.2704949501635,
        3235.3743605373907,
        3297.066523108071,
        3289.9941462860684,
        3272.543525072715,
        3125.599915199505,
        3253.6564617365157,
        3084.4093360032334,
        2912.481623115316,
        2656.3264742212696,
        2444.0164886426633,
        2249.1411010179945,
        2576.453463082483,
        2401.597668158578,
        2086.0926901109797,
        2261.717416665548,
        2238.0945893427534,
        2064.001617323481,
        1777.8308484370937,
        2131.844492167084,
        1761.3703610534344,
        2080.992373503525,
        2310.052815864069,
        2046.9764126421856,
        2351.4074810903708,
        1830.5083027300122,
        2239.6670679503363,
        2111.975972224277,
        1767.2678953861403,
        2388.284839139448,
        2345.7352205245156,
        2353.7995643879217,
        2168.998851539537,
        1996.8794935377377,
        2137.0294340560085,
        2141.4696797200204,
        2141.609275617547,
        2225.596285749658,
        2831.2835059955087,
        3630.771987556213,
        3045.398168397012,
        3792.3742673464867,
        3113.0428143264576,
        3906.2167907429507,
        2470.264159118742,
        1271.411589314731,
        612.4756011685732,
        861.2023514025022,
        -30.27928772043422
    ],
    "displacement": [
        -0.0,
        2.5848931924611137e-05,
        5.096779623970695e-05,
        7.608666055480275e-05,
        0.00010120552486989855,
        0.00012632438918499438,
        0.00015144325350009016,
        0.00017656211781518597,
        0.00020168098213028176,
        0.00022679984644537757,
        0.0002519187107604734,
        0.0002770375750755692,
        0.000302156439390665,
        0.00032727530370576076,
        0.0003523941680208566,
        0.00037751303233595233,
        0.0004026318966510482,
        0.000427750760966144,
        0.0004528696252812398,
        0.00047798848959633563,
        0.0005031073539114313,
        0.0005282262182265271,
        0.0005533450825416231,
        0.0005784639468567189,
        0.0006035828111718147,
        0.0006287016754869105,
        0.0006685123925422601,
        0.0007083231095976099,
        0.0007481338266529596,
        0.0007879445437083093,
        0.000827755260763659,
        0.0008675659778190089,
        0.0009073766948743586,
        0.0009471874119297083,
        0.000986998128985058,
        0.0010268088460404078,
        0.0010666195630957573,
        0.0011064302801511072,
        0.001146240997206457,
        0.0011860517142618066,
        0.0012258624313171566,
        0.001265673148372506,
        0.0013054838654278558,
        0.0013685795998758753,
        0.0014316753343238946,
        0.0014947710687719142,
        0.0015578668032199335,
        0.0016209625376679528,
        0.0016840582721159723,
        0.0017471540065639916,
        0.0018102497410120112,
        0.0019102497410120112,
        0.002
    ],
    "d3_time": [
        0.0,
        11.339992322268879,
        21.3875380483072,
        31.43508377434552,
        41.38776303818295,
        51.340442302020385,
        61.29312156585782,
        71.58376671619473,
        81.04812688339764,
        95.51248705060055,
        100.0
    ],
    "effective_plastic_strain": [
        [
            0.0,
            0.0,
            0.0,
            0.0,
            0.0,
            0.0
        ],
        [
            0.034711867007586224,
            0.003581471909744124,
            0.057480795681171176,
            0.0218726092833367,
            0.0008212127369062104,
            0.0
        ],
        [
            0.03471186700758623,
            0.004134935114362714,
            0.05748079568117115,
            0.043870824854357296,
            0.0014665144193221243,
            0.0
        ],
        [
            0.03471186700758623,
            0.004488756985611279,
            0.057480795681171155,
            0.043870824854357296,
            0.0014665144193221243,
            0.0
        ],
        [
            0.03471186700758623,
            0.005090115783313645,
            0.057480795681171176,
            0.043870824854357296,
            0.0014665144193221243,
            0.0
        ],
        [
            0.03471186700758623,
            0.007181124136182251,
            0.057480795681171176,
            0.043870824854357296,
            0.0023652196894235946,
            0.0
        ],
        [
            0.03471186700758623,
            0.007181124136182251,
            0.057480795681171176,
            0.043870824854357296,
            0.0023652196894235946,
            0.0
        ],
        [
            0.03471186700758623,
            0.015675473261450617,
            0.05748079568117117,
            0.043870824854357296,
            0.024416856999307027,
            0.0
        ],
        [
            0.034711867007586224,
            0.015675473261450613,
            0.057480795681171155,
            0.04387082485435729,
            0.05520097120868017,
            0.0
        ],
        [
            0.03471186700758622,
            0.015675473261450613,
            0.0,
            0.0438708248543573,
            0.06668827753769196,
            0.0
        ],
        [
            0.03471186700758622,
            0.015675473261450613,
            0.0,
            0.0438708248543573,
            0.06668827753769196,
            0.0
        ]
    ],